{"lattice_size":[12,12,12,12,12,12,12,12,12,12,12,12],"loss rate average":[0.0,0.010008750104103237,0.02006625029619783,0.029992222781321035,0.03997444531233981,0.049967640054747464,0.05997514030180871,0.06988652936933562,0.08002250170641578,0.08995347399118356,0.0996901406419836,0.10991958507752977,0.11995027945893817,0.12997777934450655,0.14006833475673572,0.15017333456454798,0.16010194548003376,0.16985500081496313,0.18000083396852015,0.18996458377717063,0.1999959725352563,0.2100800002797693,0.22018833357699216,0.22963638915397228,0.2400022225663066,0.2498865281611681,0.2598620838041231,0.27013125042073427,0.2800037504193932,0.29004208370529116,0.29984708361312745,0.30992916687518357,0.32002250014431777,0.3304223611649126,0.34024791665047405,0.3496672222120315,0.3600098611459136,0.37022027781963346,0.3799236112040281,0.39016013904258606,0.4002687502169609,0.41010111135825517,0.42014486150592567,0.42998833383485674,0.44025361179426314,0.4501545841245353,0.46016652877017855,0.4699854178340733,0.4797850013652444,0.4897236125910282,0.4999572238150239,0.5098500015725196,0.5198862515801191,0.529838056922853,0.5402327788579464,0.5499275009092689,0.5601752783688903,0.5700561115014553,0.580211111189425,0.5899587500306964,0.6002405555358529,0.6100750000545383,0.6198372222441435,0.6300502779009938,0.6399676392614841,0.6499527781331539,0.6597866670238972,0.6700393057191372,0.6801384722816944,0.6898116664612294,0.699868194102943,0.7099463883304596,0.7197941661560535,0.7296888885509968,0.7400438888114691,0.7501341668754816,0.7598772228741646,0.7698780564594269,0.7799445842373371,0.789890139567256,0.8002158335286379],"multiplexing":4,"num_error_happens":0,"num_photons":72,"num_qubits":288,"prob_e_vec":[0.0,0.009999999776482582,0.019999999552965164,0.029999999329447746,0.03999999910593033,0.05000000074505806,0.05999999865889549,0.07000000029802322,0.07999999821186066,0.09000000357627869,0.10000000149011612,0.10999999940395355,0.11999999731779099,0.12999999523162842,0.14000000059604645,0.15000000596046448,0.1599999964237213,0.17000000178813934,0.18000000715255737,0.1899999976158142,0.20000000298023224,0.20999999344348907,0.2199999988079071,0.23000000417232513,0.23999999463558197,0.25,0.25999999046325684,0.27000001072883606,0.2800000011920929,0.28999999165534973,0.30000001192092896,0.3100000023841858,0.3199999928474426,0.33000001311302185,0.3400000035762787,0.3499999940395355,0.36000001430511475,0.3700000047683716,0.3799999952316284,0.38999998569488525,0.4000000059604645,0.4099999964237213,0.41999998688697815,0.4300000071525574,0.4399999976158142,0.44999998807907104,0.46000000834465027,0.4699999988079071,0.47999998927116394,0.49000000953674316,0.5,0.5099999904632568,0.5199999809265137,0.5299999713897705,0.5400000214576721,0.550000011920929,0.5600000023841858,0.5699999928474426,0.5799999833106995,0.5899999737739563,0.6000000238418579,0.6100000143051147,0.6200000047683716,0.6299999952316284,0.6399999856948853,0.6499999761581421,0.6600000262260437,0.6700000166893005,0.6800000071525574,0.6899999976158142,0.699999988079071,0.7099999785423279,0.7200000286102295,0.7300000190734863,0.7400000095367432,0.75,0.7599999904632568,0.7699999809265137,0.7799999713897705,0.7900000214576721,0.800000011920929],"qubit list for each photon":[[0,2,1,25],[26,28,27,51],[52,54,53,77],[78,80,79,103],[104,106,105,129],[130,132,131,155],[156,158,157,181],[182,184,183,207],[208,210,209,233],[234,236,235,259],[260,262,261,285],[286,264,287,23],[268,3,4,5],[6,29,30,31],[32,55,56,57],[58,81,82,83],[84,107,108,109],[110,133,134,135],[136,159,160,161],[162,185,186,187],[188,211,212,213],[214,237,238,239],[216,263,240,241],[242,265,266,267],[8,10,9,33],[34,36,35,59],[60,62,61,85],[86,88,87,111],[112,114,113,137],[138,140,139,163],[164,166,165,189],[190,168,191,215],[192,194,193,217],[218,220,219,243],[244,246,245,269],[270,272,271,7],[276,11,12,13],[14,37,38,39],[40,63,64,65],[66,89,90,91],[92,115,116,117],[118,141,142,143],[120,167,144,145],[146,169,170,171],[172,195,196,197],[198,221,222,223],[224,247,248,249],[250,273,274,275],[16,18,17,41],[42,44,43,67],[68,70,69,93],[94,72,95,119],[96,98,97,121],[122,124,123,147],[148,150,149,173],[174,176,175,199],[200,202,201,225],[226,228,227,251],[252,254,253,277],[278,280,279,15],[284,19,20,21],[22,45,46,47],[24,71,48,49],[50,73,74,75],[76,99,100,101],[102,125,126,127],[128,151,152,153],[154,177,178,179],[180,203,204,205],[206,229,230,231],[232,255,256,257],[258,281,282,283]],"strategy":11,"success_rate":[[100000,0],[100000,0],[100000,0],[100000,0],[100000,0],[100000,0],[100000,0],[100000,0],[100000,0],[100000,0],[100000,0],[100000,0],[100000,0],[99999,1],[99999,1],[99999,1],[99998,2],[99989,11],[99977,23],[99977,23],[99953,47],[99936,64],[99886,114],[99868,132],[99805,195],[99718,282],[99606,394],[99443,557],[99218,782],[98946,1054],[98621,1379],[98140,1860],[97656,2344],[96949,3051],[96154,3846],[95122,4878],[94001,5999],[92565,7435],[90907,9093],[89137,10863],[87120,12880],[84908,15092],[82561,17439],[80034,19966],[76928,23072],[73994,26006],[70862,29138],[67687,32313],[64511,35489],[61135,38865],[57852,42148],[54639,45361],[51147,48853],[48800,51200],[45620,54380],[42957,57043],[40501,59499],[38353,61647],[36292,63708],[34439,65561],[32796,67204],[31721,68279],[30354,69646],[29277,70723],[28355,71645],[27790,72210],[27259,72741],[26711,73289],[26091,73909],[25949,74051],[25745,74255],[25596,74404],[25535,74465],[25342,74658],[25468,74532],[25154,74846],[25101,74899],[25203,74797],[25083,74917],[25104,74896],[24855,75145]],"time_fin":"20240618_181426","time_start":"20240618_142920","z error rate average":[0.0,0.004995763990555424,0.010034722430882976,0.015011666952150409,0.02002055588682648,0.024998715619149153,0.0300078475492564,0.034964340572899676,0.03999135442631785,0.04498184048783267,0.04985399323589401,0.054971041814375204,0.06000843762444798,0.065015277877755,0.07010704870293848,0.07502666675125248,0.08009569453110453,0.08488197925717338,0.09002687509367242,0.0949969098481629,0.09994444455620832,0.10499437512415462,0.11005225709496998,0.11481159737268463,0.11997822932180949,0.12498718766240403,0.1299162848771829,0.13506121544284747,0.1400218751389906,0.14502298623397947,0.14991364594679327,0.15500576398599894,0.16010982644375413,0.16517878478448839,0.17011079861555248,0.17476218748075886,0.18001892355363816,0.18510541659545154,0.1900100346095115,0.19514440955355764,0.2000257289428264,0.20508954834744333,0.21006395800501107,0.2150006940919906,0.22022385375007986,0.2251961800455302,0.23005100641563533,0.23489361053198576,0.23980357579901815,0.24497645770139992,0.24993604101769626,0.2548315271580964,0.2600996868807822,0.2649349646921456,0.2701747563935816,0.27501979123130443,0.2801132981312275,0.2850036801514029,0.29017871498584746,0.29493600664272906,0.30010506919965146,0.30511177066788076,0.30994840261414647,0.3150040623764694,0.31997402771919964,0.32499517350137236,0.32989711799442767,0.33505930550053714,0.3399575694476068,0.3448428819034994,0.34989666664451363,0.35491437501996753,0.35996565966144206,0.3648010069096088,0.36986927086994054,0.37501385414496063,0.37992357637703417,0.38494652780264615,0.38996562505632637,0.3949024652862549,0.4000860764139891]}