{"lattice_size":[10,10,10,10,10,10,10,10,10,10],"loss rate average":[0.0,0.010005799782332033,0.01991209962554276,0.029938199575189502,0.03998519959667698,0.04997959968391806,0.06009839980460703,0.07018219991667196,0.08006049998214468,0.09001359997451305,0.09982899992721156,0.11020729990126565,0.12013649990933016,0.1298530999916978,0.14012480009568856,0.15003600022615865,0.1600365003186837,0.16973550030387938,0.18014550028976054,0.18989990014921873,0.19982640000805257,0.20985949988245964,0.21982769976213573,0.23004399980150164,0.23994569982364775,0.2500556000017375,0.2599806002289057,0.270074800510332,0.28016080077953637,0.29038720106750726,0.29992910128988326,0.3097617014162988,0.3202127015013993,0.329760201433301,0.33982800127893686,0.35023870094716547,0.35973130062267183,0.37003510020419955,0.379947899761945,0.39007269928231836,0.40005419887319205,0.41018179847851394,0.41995369812861083,0.4301043978315592,0.44002469769001007,0.4500657974229753,0.4600775972664356,0.47026939705953,0.48000829688817265,0.49005839683771135,0.500003496800363,0.5099471967217326,0.5200350967955589,0.530268596792221,0.5399033969295025,0.5500991972789169,0.5598349976316095,0.5700217978602647,0.580059098250866,0.5900636986902356,0.5998353989493846,0.6099987993687391,0.6199624997553229,0.6300155002322793,0.6399446004989743,0.6503331008601189,0.659964901214242,0.6700106014865637,0.6800694017344713,0.6901837017774581,0.7000554017668963,0.7098243016445637,0.7202518014270067,0.730081901036501,0.7399695004373789,0.7500849998128414,0.7599984992009401,0.7699175987690687,0.7802002982169389,0.7900463980138301,0.8000911980086565,0.8100602979058027,0.820113898075819,0.8300787983369827,0.8400286986625195,0.8500529990589619,0.8602849994206428,0.8698388997513056,0.8800677001959085,0.8900759005391597,0.8999796011406184,0.9098970015931129,0.9201738020449877,0.9300486018592119,0.9400376015561819,0.9500492018324137,0.960000203704834,0.9700846075934172,0.9799207106775045,0.9899888084757328,1.0],"multiplexing":2,"num_error_happens":0,"num_photons":100,"num_qubits":200,"prob_e_vec":[0.0,0.009999999776482582,0.019999999552965164,0.029999999329447746,0.03999999910593033,0.05000000074505806,0.05999999865889549,0.07000000029802322,0.07999999821186066,0.09000000357627869,0.10000000149011612,0.10999999940395355,0.11999999731779099,0.12999999523162842,0.14000000059604645,0.15000000596046448,0.1599999964237213,0.17000000178813934,0.18000000715255737,0.1899999976158142,0.20000000298023224,0.20999999344348907,0.2199999988079071,0.23000000417232513,0.23999999463558197,0.25,0.25999999046325684,0.27000001072883606,0.2800000011920929,0.28999999165534973,0.30000001192092896,0.3100000023841858,0.3199999928474426,0.33000001311302185,0.3400000035762787,0.3499999940395355,0.36000001430511475,0.3700000047683716,0.3799999952316284,0.38999998569488525,0.4000000059604645,0.4099999964237213,0.41999998688697815,0.4300000071525574,0.4399999976158142,0.44999998807907104,0.46000000834465027,0.4699999988079071,0.47999998927116394,0.49000000953674316,0.5,0.5099999904632568,0.5199999809265137,0.5299999713897705,0.5400000214576721,0.550000011920929,0.5600000023841858,0.5699999928474426,0.5799999833106995,0.5899999737739563,0.6000000238418579,0.6100000143051147,0.6200000047683716,0.6299999952316284,0.6399999856948853,0.6499999761581421,0.6600000262260437,0.6700000166893005,0.6800000071525574,0.6899999976158142,0.699999988079071,0.7099999785423279,0.7200000286102295,0.7300000190734863,0.7400000095367432,0.75,0.7599999904632568,0.7699999809265137,0.7799999713897705,0.7900000214576721,0.800000011920929,0.8100000023841858,0.8199999928474426,0.8299999833106995,0.8399999737739563,0.8500000238418579,0.8600000143051147,0.8700000047683716,0.8799999952316284,0.8899999856948853,0.8999999761581421,0.9100000262260437,0.9200000166893005,0.9300000071525574,0.9399999976158142,0.949999988079071,0.9599999785423279,0.9700000286102295,0.9800000190734863,0.9900000095367432,1.0],"qubit list for each photon":[[1,111],[3,113],[5,115],[7,117],[9,119],[11,101],[13,103],[15,105],[17,107],[19,109],[21,131],[23,133],[25,135],[27,137],[29,139],[31,121],[33,123],[35,125],[37,127],[39,129],[41,151],[43,153],[45,155],[47,157],[49,159],[51,141],[53,143],[55,145],[57,147],[59,149],[61,171],[63,173],[65,175],[67,177],[69,179],[71,161],[73,163],[75,165],[77,167],[79,169],[81,191],[83,193],[85,195],[87,197],[89,199],[91,181],[93,183],[95,185],[97,187],[99,189],[0,110],[2,112],[4,114],[6,116],[8,118],[10,100],[12,102],[14,104],[16,106],[18,108],[20,130],[22,132],[24,134],[26,136],[28,138],[30,120],[32,122],[34,124],[36,126],[38,128],[40,150],[42,152],[44,154],[46,156],[48,158],[50,140],[52,142],[54,144],[56,146],[58,148],[60,170],[62,172],[64,174],[66,176],[68,178],[70,160],[72,162],[74,164],[76,166],[78,168],[80,190],[82,192],[84,194],[86,196],[88,198],[90,180],[92,182],[94,184],[96,186],[98,188]],"strategy":3,"success_rate":[[100000,0],[100000,0],[100000,0],[100000,0],[100000,0],[100000,0],[100000,0],[100000,0],[100000,0],[100000,0],[100000,0],[100000,0],[100000,0],[100000,0],[100000,0],[100000,0],[99997,3],[100000,0],[100000,0],[99987,13],[99983,17],[99982,18],[99954,46],[99925,75],[99893,107],[99871,129],[99786,214],[99737,263],[99562,438],[99378,622],[99194,806],[98876,1124],[98488,1512],[97962,2038],[97391,2609],[96486,3514],[95626,4374],[94386,5614],[92957,7043],[91289,8711],[89490,10510],[87149,12851],[84762,15238],[81734,18266],[79024,20976],[75711,24289],[72527,27473],[68764,31236],[65129,34871],[61252,38748],[57741,42259],[54154,45846],[50704,49296],[47389,52611],[44487,55513],[41367,58633],[39026,60974],[36658,63342],[34465,65535],[33011,66989],[31224,68776],[30068,69932],[29284,70716],[28122,71878],[27544,72456],[26703,73297],[26304,73696],[25856,74144],[25470,74530],[25545,74455],[25743,74257],[25270,74730],[25097,74903],[25137,74863],[25195,74805],[25017,74983],[25177,74823],[25071,74929],[24902,75098],[25002,74998],[25150,74850],[24994,75006],[24788,75212],[24880,75120],[24957,75043],[25085,74915],[24970,75030],[24743,75257],[24839,75161],[24798,75202],[25190,74810],[24908,75092],[24959,75041],[24943,75057],[24913,75087],[25089,74911],[25098,74902],[25259,74741],[24757,75243],[25189,74811],[25307,74693]],"time_fin":"20240619_204952","time_start":"20240619_172155",