{"lattice_size":[12,12,12,12,12,12,12,12,12,12,12,12],"loss rate average":[0.0,0.009995416771611199,0.0200220836301893,0.03001541722984053,0.039874167531449345,0.050013056713305415,0.060113473639730367,0.07000236270045862,0.07998333502772265,0.09006250174833462,0.10007027954542078,0.10999652952475474,0.12001333501963876,0.12991750156956725,0.13988472365220078,0.1499240290144179,0.16039902881440707,0.16981111194491386,0.17974361173851416,0.19007263935351745,0.19996291700189933,0.2099884724795632,0.2198137502641231,0.22998013919461519,0.23980777810443193,0.25001291706483814,0.2601397226455808,0.2701834726437926,0.2800013893026486,0.2901406947915256,0.3001490280340612,0.30983263910993936,0.31983958347857,0.32991750009059906,0.3402388889169693,0.35000402776151895,0.3599565278054774,0.3697538889845461,0.38006611122608186,0.3899893056897819,0.39978097243264316,0.4102909724923968,0.4199258337548375,0.42960291712492704,0.44039361174196007,0.4500555563721061,0.45989986212953926,0.46984458446577193,0.48021889031022785,0.48967652928620575,0.4997786127284169,0.5099598627498746,0.5201631960409879,0.5299531957492233,0.540127640157938,0.5498552788430452,0.5599225006529689,0.570200000384152,0.5799255556038022,0.5899222221708298,0.600170138837099,0.6101095831900835,0.6202979167401791,0.6298784723818303,0.6398126391583681,0.6499063891971111,0.6601955559518933,0.6698640280094743,0.6798688890117407,0.6902805553555489,0.700006110689044,0.7101718051156402,0.719767221686244,0.7298462496697903,0.7399701386862994,0.7499812502527237,0.7601116672676802],"multiplexing":4,"num_error_happens":0,"num_photons":72,"num_qubits":288,"prob_e_vec":[0.0,0.009999999776482582,0.019999999552965164,0.029999999329447746,0.03999999910593033,0.05000000074505806,0.05999999865889549,0.07000000029802322,0.07999999821186066,0.09000000357627869,0.10000000149011612,0.10999999940395355,0.11999999731779099,0.12999999523162842,0.14000000059604645,0.15000000596046448,0.1599999964237213,0.17000000178813934,0.18000000715255737,0.1899999976158142,0.20000000298023224,0.20999999344348907,0.2199999988079071,0.23000000417232513,0.23999999463558197,0.25,0.25999999046325684,0.27000001072883606,0.2800000011920929,0.28999999165534973,0.30000001192092896,0.3100000023841858,0.3199999928474426,0.33000001311302185,0.3400000035762787,0.3499999940395355,0.36000001430511475,0.3700000047683716,0.3799999952316284,0.38999998569488525,0.4000000059604645,0.4099999964237213,0.41999998688697815,0.4300000071525574,0.4399999976158142,0.44999998807907104,0.46000000834465027,0.4699999988079071,0.47999998927116394,0.49000000953674316,0.5,0.5099999904632568,0.5199999809265137,0.5299999713897705,0.5400000214576721,0.550000011920929,0.5600000023841858,0.5699999928474426,0.5799999833106995,0.5899999737739563,0.6000000238418579,0.6100000143051147,0.6200000047683716,0.6299999952316284,0.6399999856948853,0.6499999761581421,0.6600000262260437,0.6700000166893005,0.6800000071525574,0.6899999976158142,0.699999988079071,0.7099999785423279,0.7200000286102295,0.7300000190734863,0.7400000095367432,0.75,0.7599999904632568],"qubit list for each photon":[[0,2,1,25],[4,6,5,29],[8,10,9,33],[12,14,13,37],[16,18,17,41],[20,22,21,45],[26,28,27,51],[30,32,31,55],[34,36,35,59],[38,40,39,63],[42,44,43,67],[46,24,47,71],[48,50,49,73],[52,54,53,77],[56,58,57,81],[60,62,61,85],[64,66,65,89],[68,70,69,93],[74,76,75,99],[78,80,79,103],[82,84,83,107],[86,88,87,111],[90,92,91,115],[94,72,95,119],[96,98,97,121],[100,102,101,125],[104,106,105,129],[108,110,109,133],[112,114,113,137],[116,118,117,141],[122,124,123,147],[126,128,127,151],[130,132,131,155],[134,136,135,159],[138,140,139,163],[142,120,143,167],[144,146,145,169],[148,150,149,173],[152,154,153,177],[156,158,157,181],[160,162,161,185],[164,166,165,189],[170,172,171,195],[174,176,175,199],[178,180,179,203],[182,184,183,207],[186,188,187,211],[190,168,191,215],[192,194,193,217],[196,198,197,221],[200,202,201,225],[204,206,205,229],[208,210,209,233],[212,214,213,237],[218,220,219,243],[222,224,223,247],[226,228,227,251],[230,232,231,255],[234,236,235,259],[238,216,239,263],[240,242,241,265],[244,246,245,269],[248,250,249,273],[252,254,253,277],[256,258,257,281],[260,262,261,285],[266,268,267,3],[270,272,271,7],[274,276,275,11],[278,280,279,15],[282,284,283,19],[286,264,287,23]],"strategy":9,"success_rate":[[100000,0],[100000,0],[100000,0],[100000,0],[100000,0],[100000,0],[100000,0],[100000,0],[100000,0],[100000,0],[100000,0],[100000,0],[100000,0],[100000,0],[100000,0],[100000,0],[100000,0],[100000,0],[99998,2],[100000,0],[99998,2],[100000,0],[99997,3],[99997,3],[99989,11],[99990,10],[99980,20],[99976,24],[99950,50],[99927,73],[99887,113],[99877,123],[99806,194],[99673,327],[99605,395],[99484,516],[99268,732],[99046,954],[98772,1228],[98433,1567],[97954,2046],[97372,2628],[96736,3264],[95950,4050],[94890,5110],[93821,6179],[92392,7608],[91109,8891],[89360,10640],[87534,12466],[85355,14645],[82934,17066],[80363,19637],[77869,22131],[74617,25383],[71883,28117],[68506,31494],[65255,34745],[62047,37953],[58691,41309],[55627,44373],[52453,47547],[49276,50724],[46482,53518],[43545,56455],[41076,58924],[38842,61158],[36684,63316],[34694,65306],[32828,67172],[31567,68433],[30072,69928],[29006,70994],[28480,71520],[27650,72350],[27078,72922],[26345,73655]],"time_fin":"20240619_195711","time_start":"20240619_172153","z error rate average":[0.0,0.00499972232332686,0.009991493262220173,0.014987187787238508,0.01993246561189415,0.025011528119572905,0.030082778106126935,0.03497750029856805,0.039978611364460084,0.04501402799047064,0.050101250180618374,0.0550285070967651,0.0600078126182477,0.06500562510346528,0.06993256954568439,0.07496819453383097,0.08022350702340482,0.08487385424788808,0.08981986120840069,0.09506569454226643,0.10001611121983733,0.10498319457980804,0.10983184042842127,0.11493361128282734,0.11986545156136155,0.12500805569978432,0.13008975712910295,0.1351107640118897,0.13995062514096498,0.14507576400361955,0.1500537154062651,0.15489736118368805,0.15994649311110376,0.16487444449268282,0.17006392362106593,0.17513840276982634,0.17995149299863725,0.18477562491375954,0.1900134026524797,0.19500642343133687,0.19992114559732377,0.20505913166828454,0.21001076356217266,0.21489392321221532,0.22011006900422275,0.22494458283558488,0.2299669091644138,0.2348515619187802,0.2401678118971735,0.24480895768865943,0.2498909715883434,0.2550546521382779,0.26013430493824186,0.2649190271574259,0.2700576383046806,0.2750011106045544,0.27997572870507836,0.2849157634617388,0.2898310065798461,0.29484472194239497,0.3001740969991684,0.30494968727976085,0.31013607618883254,0.31496163184911014,0.3199332985958457,0.32492277772963046,0.3300117013768852,0.3349074305102229,0.33995822911933066,0.3451911805011332,0.3499034027630091,0.3549113888733089,0.35989253472656013,0.36495395834937694,0.3700747569385171,0.37507701389446857,0.37997972227141263]}