{"lattice_size":[10,10,10,10,10,10,10,10,10,10],"loss rate average":[0.0,0.00997919978197664,0.019980499626975505,0.0300961995777674,0.0400154995986633,0.050033299682270736,0.05996039980733767,0.07004099991582334,0.08004259997177869,0.09001409997195005,0.09987899992721155,0.11001789989635348,0.11995469991156832,0.1299121999835223,0.14011110011544078,0.1499652002381906,0.160015100325495,0.17012890033384784,0.17987790027558803,0.1900229001731798,0.19984350000619888,0.2101060998894647,0.21985879981838166,0.2299473997657746,0.24007239986360074,0.2500213999778032,0.26002040019258854,0.2701573005002737,0.2802402008024603,0.29005980104886,0.3000920012722164,0.3100854014965892,0.3199684014905989,0.329931601421982,0.34019260126814244,0.3501107010176778,0.35994470060497524,0.3700004002390802,0.3800116997298598,0.3901120993024111,0.3998773988482356,0.41024739844322206,0.42002139819741247,0.429939897903651,0.43969359766945243,0.45009409747704865,0.46004459725156427,0.4698051970654726,0.4800066969633102,0.4900646967756748,0.4998062968051434,0.5100239967048168,0.5199149967131018,0.5299624968966842,0.5401015970024466,0.5498896971991658,0.5603664975640178,0.5701155978161097,0.579955198265314,0.5899739986488223,0.6001226990526914,0.6099620994454622,0.6198750997686386,0.6298965002268553,0.6398904004341364,0.6498836008757353,0.660053101311028,0.6698156015127897,0.6799521016794443,0.6901080018252135,0.7001953017890453,0.7099202016031743,0.7197966013813019,0.729972200961709,0.7399920005059242,0.7498818999558687,0.7600118993270397,0.770010398747921,0.7800900983476639,0.7898813980281353,0.7999588979381322,0.8099343979030847,0.8199822980314493,0.8299035983747244,0.8400707987177372,0.8498009991270303,0.8601132994025945,0.8699847997844219,0.8801302001243829,0.8900526005733013,0.8999465012001991,0.9098902016049624,0.9200110019522906,0.9297155017673969,0.939975401494503,0.9499942017495632,0.9600031036865712,0.9701036075508594,0.980035110681653,0.9900155084598065,1.0],"multiplexing":2,"num_error_happens":0,"num_photons":100,"num_qubits":200,"prob_e_vec":[0.0,0.009999999776482582,0.019999999552965164,0.029999999329447746,0.03999999910593033,0.05000000074505806,0.05999999865889549,0.07000000029802322,0.07999999821186066,0.09000000357627869,0.10000000149011612,0.10999999940395355,0.11999999731779099,0.12999999523162842,0.14000000059604645,0.15000000596046448,0.1599999964237213,0.17000000178813934,0.18000000715255737,0.1899999976158142,0.20000000298023224,0.20999999344348907,0.2199999988079071,0.23000000417232513,0.23999999463558197,0.25,0.25999999046325684,0.27000001072883606,0.2800000011920929,0.28999999165534973,0.30000001192092896,0.3100000023841858,0.3199999928474426,0.33000001311302185,0.3400000035762787,0.3499999940395355,0.36000001430511475,0.3700000047683716,0.3799999952316284,0.38999998569488525,0.4000000059604645,0.4099999964237213,0.41999998688697815,0.4300000071525574,0.4399999976158142,0.44999998807907104,0.46000000834465027,0.4699999988079071,0.47999998927116394,0.49000000953674316,0.5,0.5099999904632568,0.5199999809265137,0.5299999713897705,0.5400000214576721,0.550000011920929,0.5600000023841858,0.5699999928474426,0.5799999833106995,0.5899999737739563,0.6000000238418579,0.6100000143051147,0.6200000047683716,0.6299999952316284,0.6399999856948853,0.6499999761581421,0.6600000262260437,0.6700000166893005,0.6800000071525574,0.6899999976158142,0.699999988079071,0.7099999785423279,0.7200000286102295,0.7300000190734863,0.7400000095367432,0.75,0.7599999904632568,0.7699999809265137,0.7799999713897705,0.7900000214576721,0.800000011920929,0.8100000023841858,0.8199999928474426,0.8299999833106995,0.8399999737739563,0.8500000238418579,0.8600000143051147,0.8700000047683716,0.8799999952316284,0.8899999856948853,0.8999999761581421,0.9100000262260437,0.9200000166893005,0.9300000071525574,0.9399999976158142,0.949999988079071,0.9599999785423279,0.9700000286102295,0.9800000190734863,0.9900000095367432,1.0],"qubit list for each photon":[[0,1],[2,3],[4,5],[6,7],[8,9],[10,11],[12,13],[14,15],[16,17],[18,19],[20,21],[22,23],[24,25],[26,27],[28,29],[30,31],[32,33],[34,35],[36,37],[38,39],[40,41],[42,43],[44,45],[46,47],[48,49],[50,51],[52,53],[54,55],[56,57],[58,59],[60,61],[62,63],[64,65],[66,67],[68,69],[70,71],[72,73],[74,75],[76,77],[78,79],[80,81],[82,83],[84,85],[86,87],[88,89],[90,91],[92,93],[94,95],[96,97],[98,99],[100,101],[102,103],[104,105],[106,107],[108,109],[110,111],[112,113],[114,115],[116,117],[118,119],[120,121],[122,123],[124,125],[126,127],[128,129],[130,131],[132,133],[134,135],[136,137],[138,139],[140,141],[142,143],[144,145],[146,147],[148,149],[150,151],[152,153],[154,155],[156,157],[158,159],[160,161],[162,163],[164,165],[166,167],[168,169],[170,171],[172,173],[174,175],[176,177],[178,179],[180,181],[182,183],[184,185],[186,187],[188,189],[190,191],[192,193],[194,195],[196,197],[198,199]],"strategy":4,"success_rate":[[100000,0],[100000,0],[100000,0],[100000,0],[100000,0],[100000,0],[100000,0],[100000,0],[100000,0],[100000,0],[100000,0],[100000,0],[100000,0],[100000,0],[100000,0],[100000,0],[100000,0],[100000,0],[99999,1],[99999,1],[99993,7],[99989,11],[99988,12],[99960,40],[99945,55],[99891,109],[99858,142],[99792,208],[99734,266],[99566,434],[99359,641],[99128,872],[98805,1195],[98309,1691],[97708,2292],[96950,3050],[95948,4052],[94933,5067],[93671,6329],[91894,8106],[89896,10104],[87737,12263],[85332,14668],[82586,17414],[79567,20433],[76247,23753],[72942,27058],[69283,30717],[65562,34438],[61502,38498],[57591,42409],[54203,45797],[50578,49422],[47412,52588],[44234,55766],[41468,58532],[38901,61099],[36498,63502],[34169,65831],[32757,67243],[31157,68843],[29687,70313],[28575,71425],[28040,71960],[27263,72737],[26592,73408],[26123,73877],[25971,74029],[25411,74589],[25618,74382],[25495,74505],[25040,74960],[25148,74852],[25116,74884],[25092,74908],[25128,74872],[25020,74980],[25024,74976],[25242,74758],[25071,74929],[25062,74938],[25117,74883],[25041,74959],[25131,74869],[25014,74986],[24935,75065],[24854,75146],[24903,75097],[24928,75072],[25086,74914],[25229,74771],[24914,75086],[24845,75155],[24862,75138],[25003,74997],[24633,75367],[24712,75288],[25000,75000],[25011,74989],[25042,74958],[25215,74785]],"time_fin":"20240618_174107","time_start":"20240618_142918",