{"lattice_size":[10,10,10,10,10,10,10,10,10,10],"loss rate average":[0.0,0.009982500152215362,0.019947500321380793,0.03007750051602721,0.0400165007295832,0.05000700095690787,0.06005850120160729,0.06984550143804401,0.07982100168175996,0.08993300190612674,0.09995950212106108,0.11031550231501461,0.1202835024856776,0.12978450265698135,0.13972200278386473,0.1502750028944388,0.1602265029815212,0.16993900307565926,0.17964250311862678,0.18974200313996523,0.19990900314580648,0.20962850314170123,0.22022600307814777,0.22987200307130815,0.23977850299660117,0.25011100289717314,0.2594425028342754,0.2702330026925728,0.28022300256524235,0.2896225024261326,0.3002295022662356,0.3098285021448508,0.3197395019755885,0.3299695018462464,0.34049600165642796,0.34985800154432656,0.36013250141106545,0.37022400131665173,0.37993000123720616,0.39014800113823267,0.400767001099959,0.41028800115894526,0.4198670010966435,0.42996800114858896,0.439374001089558,0.4498530012184009,0.46017050129428505,0.4702855013170093,0.4797200013779476,0.4901550014754385,0.5003905014383048,0.5100785014841333,0.5200365015616268,0.5305385014761984,0.5401100014586747,0.5500715014009178,0.5597425012865662,0.5702250011111051,0.5797510010503233,0.5900525008522719,0.6004470006853342,0.6097965005120635,0.6199815004083514,0.6299970001766085,0.6395454999630154,0.6502829998829961,0.6602444998386502,0.6694784996986389,0.6805014995969831,0.6905234997011721,0.7001704997198284,0.7099054998008907,0.7204480000120401,0.7302520001836121,0.7403620004796981,0.7500520006430149,0.7598455010119081,0.7697345011597871,0.7802515013501048,0.7899540015003085,0.8001250015711784,0.8097585015678406,0.8199760013869405,0.8298415010386705,0.8399600007236004,0.8499280001115799,0.8598864994519949,0.8696809984898567,0.8801559973967076,0.8897119964432716,0.8997404954355955,0.9096899944919348,0.9200424935734272,0.9301634928524494,0.9401254925519228,0.949905492554307,0.9599464930087328,0.9702329941552877,0.979958995642066,0.9900069976752996,1.0],"multiplexing":10,"num_error_happens":0,"num_photons":20,"num_qubits":200,"prob_e_vec":[0.0,0.009999999776482582,0.019999999552965164,0.029999999329447746,0.03999999910593033,0.05000000074505806,0.05999999865889549,0.07000000029802322,0.07999999821186066,0.09000000357627869,0.10000000149011612,0.10999999940395355,0.11999999731779099,0.12999999523162842,0.14000000059604645,0.15000000596046448,0.1599999964237213,0.17000000178813934,0.18000000715255737,0.1899999976158142,0.20000000298023224,0.20999999344348907,0.2199999988079071,0.23000000417232513,0.23999999463558197,0.25,0.25999999046325684,0.27000001072883606,0.2800000011920929,0.28999999165534973,0.30000001192092896,0.3100000023841858,0.3199999928474426,0.33000001311302185,0.3400000035762787,0.3499999940395355,0.36000001430511475,0.3700000047683716,0.3799999952316284,0.38999998569488525,0.4000000059604645,0.4099999964237213,0.41999998688697815,0.4300000071525574,0.4399999976158142,0.44999998807907104,0.46000000834465027,0.4699999988079071,0.47999998927116394,0.49000000953674316,0.5,0.5099999904632568,0.5199999809265137,0.5299999713897705,0.5400000214576721,0.550000011920929,0.5600000023841858,0.5699999928474426,0.5799999833106995,0.5899999737739563,0.6000000238418579,0.6100000143051147,0.6200000047683716,0.6299999952316284,0.6399999856948853,0.6499999761581421,0.6600000262260437,0.6700000166893005,0.6800000071525574,0.6899999976158142,0.699999988079071,0.7099999785423279,0.7200000286102295,0.7300000190734863,0.7400000095367432,0.75,0.7599999904632568,0.7699999809265137,0.7799999713897705,0.7900000214576721,0.800000011920929,0.8100000023841858,0.8199999928474426,0.8299999833106995,0.8399999737739563,0.8500000238418579,0.8600000143051147,0.8700000047683716,0.8799999952316284,0.8899999856948853,0.8999999761581421,0.9100000262260437,0.9200000166893005,0.9300000071525574,0.9399999976158142,0.949999988079071,0.9599999785423279,0.9700000286102295,0.9800000190734863,0.9900000095367432,1.0],"qubit list for each photon":[[178,55,169,190,189,48,53,94,69,81],[38,64,76,3,186,168,108,152,83,63],[89,141,29,164,163,59,92,105,158,132],[104,162,19,193,5,4,142,196,137,177],[120,0,52,147,157,183,127,131,145,135],[99,44,14,49,45,106,155,154,86,166],[24,133,10,167,180,43,13,136,149,1],[72,17,100,70,93,8,79,58,125,148],[31,144,146,143,124,174,2,47,33,151],[102,88,16,73,6,36,138,26,109,181],[160,129,185,103,126,77,150,179,20,170],[176,61,118,187,112,12,41,18,84,78],[46,110,116,65,96,15,32,97,115,191],[54,25,165,30,111,153,11,197,171,66],[62,95,71,7,68,23,35,9,91,28],[121,173,85,113,40,159,75,56,101,192],[107,57,21,74,50,123,134,37,34,140],[139,172,156,67,194,42,182,82,130,195],[198,22,90,60,51,87,114,175,122,98],[188,161,80,128,27,184,119,39,117,199]],"strategy":1,"success_rate":[[100000,0],[100000,0],[100000,0],[100000,0],[100000,0],[100000,0],[100000,0],[99999,1],[100000,0],[99998,2],[99995,5],[99990,10],[99981,19],[99977,23],[99969,31],[99940,60],[99891,109],[99827,173],[99791,209],[99664,336],[99612,388],[99412,588],[99249,751],[98993,1007],[98734,1266],[98290,1710],[97984,2016],[97469,2531],[96893,3107],[96236,3764],[95529,4471],[94567,5433],[93646,6354],[92588,7412],[91175,8825],[90032,9968],[88556,11444],[86854,13146],[85303,14697],[83551,16449],[81521,18479],[79524,20476],[77364,22636],[75156,24844],[73166,26834],[70741,29259],[68387,31613],[65929,34071],[63559,36441],[61183,38817],[58606,41394],[56239,43761],[54008,45992],[51777,48223],[49652,50348],[47263,52737],[45206,54794],[43111,56889],[41607,58393],[39580,60420],[37680,62320],[36512,63488],[35199,64801],[33692,66308],[32650,67350],[31476,68524],[30537,69463],[29913,70087],[28736,71264],[28349,71651],[27439,72561],[27088,72912],[26672,73328],[26233,73767],[26214,73786],[25678,74322],[25564,74436],[25443,74557],[25578,74422],[25268,74732],[25206,74794],[25109,74891],[25251,74749],[25128,74872],[25020,74980],[25014,74986],[25085,74915],[25161,74839],[25232,74768],[24896,75104],[24986,75014],[24741,75259],[24889,75111],[25013,74987],[25175,74825],[24964,75036],[24862,75138],[25007,74993],[24878,75122],[25068,74932],[25084,74916]],"time_fin":"20240618_175138","time_start":"20240618_142918",