{"lattice_size":[12,12,12,12,12,12,12,12,12,12,12,12],"loss rate average":[0.0,0.01003430566046387,0.019915000296030192,0.029936389451222494,0.04005236198438331,0.050025834498545155,0.060105834751250226,0.06996875159165822,0.08005611281470396,0.09027305731593631,0.10011708509949967,0.10992375174810179,0.12017486279753968,0.1300411126815714,0.13989152920556255,0.15003972345918418,0.16001861214209348,0.16991166748825462,0.17985361171737313,0.1901373615579959,0.20007819475747646,0.2098488891501911,0.22025513915205375,0.23002833359509706,0.2398148614658788,0.24988305593386292,0.26018902820218354,0.27023597267724575,0.28006013931833207,0.28984125036522745,0.29981305586986245,0.31014152804367245,0.3198402779369801,0.3298133334054798,0.33968111109860244,0.3501956944680214,0.3600234722328186,0.36976916670903565,0.3799051389606297,0.38991402789607643,0.39975291687697173,0.40991111140072345,0.4198741670630872,0.4301066672198474,0.4398798617677391,0.44993208406314256,0.46020875099897385,0.4698279177980125,0.4799283347648382,0.48997277928590777,0.4998208348858357,0.5103156960454583,0.5202952793619037,0.5301656958669424,0.540114862318635,0.5499729175525904,0.5601336118105054,0.5700061114606261,0.5798383335062861,0.590437083325088,0.5997454165798426,0.6098720833212137,0.6198697223842144,0.6301320835608244,0.6401051392191649,0.6500594447538257,0.6601334724798799,0.6702462502095103,0.6798887500533461,0.6899994442522526,0.7000684718096256,0.7098197216242552,0.7198011105251312,0.7297051385843754,0.7398230555051565,0.7498323613345623,0.7600250006002188,0.7699836118894815,0.7800263897800446,0.7899584728831053,0.7997420836400986,0.8100509718340635,0.8203276377475262,0.8299230540055037,0.8399240259641408,0.8501211094868183,0.8600498601168394,0.8699747224169969,0.8799073628282547,0.8900204198038578,0.8998755597615242,0.9097109765332937,0.9199605588352681,0.9300466674172878,0.9398908306699991,0.9500598546475172,0.9599745739406347,0.969882072917819,0.9800101302230358,0.9899738841539621,1.0],"multiplexing":4,"num_error_happens":0,"num_photons":72,"num_qubits":288,"prob_e_vec":[0.0,0.009999999776482582,0.019999999552965164,0.029999999329447746,0.03999999910593033,0.05000000074505806,0.05999999865889549,0.07000000029802322,0.07999999821186066,0.09000000357627869,0.10000000149011612,0.10999999940395355,0.11999999731779099,0.12999999523162842,0.14000000059604645,0.15000000596046448,0.1599999964237213,0.17000000178813934,0.18000000715255737,0.1899999976158142,0.20000000298023224,0.20999999344348907,0.2199999988079071,0.23000000417232513,0.23999999463558197,0.25,0.25999999046325684,0.27000001072883606,0.2800000011920929,0.28999999165534973,0.30000001192092896,0.3100000023841858,0.3199999928474426,0.33000001311302185,0.3400000035762787,0.3499999940395355,0.36000001430511475,0.3700000047683716,0.3799999952316284,0.38999998569488525,0.4000000059604645,0.4099999964237213,0.41999998688697815,0.4300000071525574,0.4399999976158142,0.44999998807907104,0.46000000834465027,0.4699999988079071,0.47999998927116394,0.49000000953674316,0.5,0.5099999904632568,0.5199999809265137,0.5299999713897705,0.5400000214576721,0.550000011920929,0.5600000023841858,0.5699999928474426,0.5799999833106995,0.5899999737739563,0.6000000238418579,0.6100000143051147,0.6200000047683716,0.6299999952316284,0.6399999856948853,0.6499999761581421,0.6600000262260437,0.6700000166893005,0.6800000071525574,0.6899999976158142,0.699999988079071,0.7099999785423279,0.7200000286102295,0.7300000190734863,0.7400000095367432,0.75,0.7599999904632568,0.7699999809265137,0.7799999713897705,0.7900000214576721,0.800000011920929,0.8100000023841858,0.8199999928474426,0.8299999833106995,0.8399999737739563,0.8500000238418579,0.8600000143051147,0.8700000047683716,0.8799999952316284,0.8899999856948853,0.8999999761581421,0.9100000262260437,0.9200000166893005,0.9300000071525574,0.9399999976158142,0.949999988079071,0.9599999785423279,0.9700000286102295,0.9800000190734863,0.9900000095367432,1.0],"qubit list for each photon":[[69,126,243,190],[249,106,157,209],[88,232,44,226],[153,279,256,179],[236,46,248,185],[93,4,160,130],[33,74,265,113],[66,156,203,128],[92,11,104,183],[25,110,84,22],[124,0,59,221],[245,213,254,277],[105,280,123,258],[27,278,77,62],[102,230,63,170],[98,207,200,67],[49,222,87,202],[100,233,159,251],[28,219,109,225],[107,257,57,284],[273,48,14,7],[188,201,96,242],[281,24,216,64],[247,72,166,16],[23,136,264,154],[75,133,174,268],[34,196,29,208],[53,211,235,168],[145,184,275,253],[3,111,114,271],[167,181,32,172],[199,263,259,131],[255,115,155,198],[58,261,191,132],[99,218,272,260],[9,140,20,127],[51,283,180,13],[285,182,39,139],[134,195,119,18],[6,220,71,8],[223,94,163,135],[224,287,56,147],[129,1,78,214],[189,103,101,17],[262,42,229,194],[45,161,30,193],[246,90,162,274],[60,118,238,197],[286,82,26,244],[91,252,210,95],[266,176,83,41],[116,205,76,85],[89,31,237,234],[97,186,47,40],[79,231,276,70],[121,86,165,228],[125,35,164,61],[158,241,152,50],[177,217,151,55],[10,175,5,142],[122,178,117,212],[73,204,270,206],[149,227,43,187],[282,144,215,138],[173,68,37,36],[269,52,15,137],[54,192,112,239],[120,2,240,171],[38,169,65,81],[80,21,141,143],[150,250,267,146],[19,108,148,12]],"strategy":2,"success_rate":[[100000,0],[100000,0],[100000,0],[100000,0],[100000,0],[100000,0],[100000,0],[100000,0],[100000,0],[100000,0],[100000,0],[100000,0],[100000,0],[100000,0],[100000,0],[100000,0],[100000,0],[100000,0],[99999,1],[99999,1],[99999,1],[99997,3],[99992,8],[99992,8],[99983,17],[99976,24],[99941,59],[99918,82],[99851,149],[99787,213],[99681,319],[99551,449],[99344,656],[99074,926],[98607,1393],[98054,1946],[97342,2658],[96502,3498],[95230,4770],[93902,6098],[92064,7936],[90134,9866],[87750,12250],[84763,15237],[81987,18013],[78871,21129],[75186,24814],[71275,28725],[67501,32499],[63314,36686],[59487,40513],[55294,44706],[51530,48470],[47967,52033],[44331,55669],[41373,58627],[38353,61647],[36397,63603],[33651,66349],[32151,67849],[30544,69456],[29345,70655],[28433,71567],[27282,72718],[26670,73330],[26430,73570],[26039,73961],[25723,74277],[25198,74802],[25444,74556],[25196,74804],[25116,74884],[25241,74759],[25061,74939],[24962,75038],[24995,75005],[25138,74862],[25005,74995],[25073,74927],[25027,74973],[24817,75183],[25004,74996],[25122,74878],[24963,75037],[25079,74921],[25065,74935],[24812,75188],[24880,75120],[25111,74889],[24816,75184],[25186,74814],[25043,74957],[24953,75047],[25060,74940],[24886,75114],[25210,74790],[24977,75023],[25161,74839],[25129,74871],[24930,75070],[24871,75129]],"threshold":4,"time_fin":"20240618_225801","time_start":"20240618_142918",