{"lattice_size":[12,12,12,12,12,12,12,12,12,12,12,12],"loss rate average":[0.0,0.009984652993159834,0.02001114625459304,0.03001753513348056,0.03996864609772805,0.05002319455260411,0.05995440980303101,0.0700793750868272,0.08000347225522622,0.09000090280726553,0.09999930563107133,0.11003888906776906,0.12006645857255906,0.13005468777190893,0.1398762501906976,0.15005986121185125,0.16001003477357328,0.16994236113414168,0.18001121526479721,0.19008631940826773,0.19994197907723488,0.21001885395966471,0.21994114541903137,0.22999881877571343,0.2399757282820344,0.2500077768447995,0.2600880894170701,0.27009076321721076,0.27987690922752023,0.2900699997411668,0.30006781236991287,0.3099643401752412,0.32001979164734484,0.3300178471919894,0.34007336808994415,0.35000062497779727,0.3600347916406393,0.36993402781009677,0.37997690975248816,0.3898217708495259,0.40002725697815417,0.4099760763886571,0.41981885417401793,0.4299569444692135,0.44018354162126777,0.44988159716695547,0.4601270484793186,0.4698167011758685,0.4800222913825512,0.489972603932023,0.4999681593695283,0.5101162844356895,0.5197716317716241,0.5298911456295848,0.5399244095945358,0.5498935068571568,0.560096909751296,0.5699225694349408,0.5799486458399892,0.5900303818941116,0.5999501388135552,0.6100790624552965,0.6200433332312107,0.6299515972179175,0.6400416666722297,0.6499446180009842,0.6598717361050844,0.6699892014420032,0.6799666319644451,0.6899168402320146,0.6999719444185495,0.7100652083230019,0.7199375347536803,0.7300589235728979,0.7400697569805383,0.7500020138442516,0.7600072569060325,0.7698957986193895,0.77991413195014,0.7900279514372349,0.8001530903190375,0.8100150000232458,0.8199342708665133,0.8300693402326107,0.8399439930284023,0.8499035416257381,0.8600373611533642,0.870041770772934,0.8799785763531923,0.8899643749880791,0.8999839930421114,0.9099652777659893,0.9200096180695295,0.9299950000429154,0.9399295484626293,0.9500085763722658,0.9600129519563914,0.9700075341707468,0.9800121864002943,0.9900261148363352,1.0],"multiplexing":1,"num_error_happens":0,"num_photons":288,"num_qubits":288,"prob_e_vec":[0.0,0.009999999776482582,0.019999999552965164,0.029999999329447746,0.03999999910593033,0.05000000074505806,0.05999999865889549,0.07000000029802322,0.07999999821186066,0.09000000357627869,0.10000000149011612,0.10999999940395355,0.11999999731779099,0.12999999523162842,0.14000000059604645,0.15000000596046448,0.1599999964237213,0.17000000178813934,0.18000000715255737,0.1899999976158142,0.20000000298023224,0.20999999344348907,0.2199999988079071,0.23000000417232513,0.23999999463558197,0.25,0.25999999046325684,0.27000001072883606,0.2800000011920929,0.28999999165534973,0.30000001192092896,0.3100000023841858,0.3199999928474426,0.33000001311302185,0.3400000035762787,0.3499999940395355,0.36000001430511475,0.3700000047683716,0.3799999952316284,0.38999998569488525,0.4000000059604645,0.4099999964237213,0.41999998688697815,0.4300000071525574,0.4399999976158142,0.44999998807907104,0.46000000834465027,0.4699999988079071,0.47999998927116394,0.49000000953674316,0.5,0.5099999904632568,0.5199999809265137,0.5299999713897705,0.5400000214576721,0.550000011920929,0.5600000023841858,0.5699999928474426,0.5799999833106995,0.5899999737739563,0.6000000238418579,0.6100000143051147,0.6200000047683716,0.6299999952316284,0.6399999856948853,0.6499999761581421,0.6600000262260437,0.6700000166893005,0.6800000071525574,0.6899999976158142,0.699999988079071,0.7099999785423279,0.7200000286102295,0.7300000190734863,0.7400000095367432,0.75,0.7599999904632568,0.7699999809265137,0.7799999713897705,0.7900000214576721,0.800000011920929,0.8100000023841858,0.8199999928474426,0.8299999833106995,0.8399999737739563,0.8500000238418579,0.8600000143051147,0.8700000047683716,0.8799999952316284,0.8899999856948853,0.8999999761581421,0.9100000262260437,0.9200000166893005,0.9300000071525574,0.9399999976158142,0.949999988079071,0.9599999785423279,0.9700000286102295,0.9800000190734863,0.9900000095367432,1.0],"qubit list for each photon":[[0],[1],[2],[3],[4],[5],[6],[7],[8],[9],[10],[11],[12],[13],[14],[15],[16],[17],[18],[19],[20],[21],[22],[23],[24],[25],[26],[27],[28],[29],[30],[31],[32],[33],[34],[35],[36],[37],[38],[39],[40],[41],[42],[43],[44],[45],[46],[47],[48],[49],[50],[51],[52],[53],[54],[55],[56],[57],[58],[59],[60],[61],[62],[63],[64],[65],[66],[67],[68],[69],[70],[71],[72],[73],[74],[75],[76],[77],[78],[79],[80],[81],[82],[83],[84],[85],[86],[87],[88],[89],[90],[91],[92],[93],[94],[95],[96],[97],[98],[99],[100],[101],[102],[103],[104],[105],[106],[107],[108],[109],[110],[111],[112],[113],[114],[115],[116],[117],[118],[119],[120],[121],[122],[123],[124],[125],[126],[127],[128],[129],[130],[131],[132],[133],[134],[135],[136],[137],[138],[139],[140],[141],[142],[143],[144],[145],[146],[147],[148],[149],[150],[151],[152],[153],[154],[155],[156],[157],[158],[159],[160],[161],[162],[163],[164],[165],[166],[167],[168],[169],[170],[171],[172],[173],[174],[175],[176],[177],[178],[179],[180],[181],[182],[183],[184],[185],[186],[187],[188],[189],[190],[191],[192],[193],[194],[195],[196],[197],[198],[199],[200],[201],[202],[203],[204],[205],[206],[207],[208],[209],[210],[211],[212],[213],[214],[215],[216],[217],[218],[219],[220],[221],[222],[223],[224],[225],[226],[227],[228],[229],[230],[231],[232],[233],[234],[235],[236],[237],[238],[239],[240],[241],[242],[243],[244],[245],[246],[247],[248],[249],[250],[251],[252],[253],[254],[255],[256],[257],[258],[259],[260],[261],[262],[263],[264],[265],[266],[267],[268],[269],[270],[271],[272],[273],[274],[275],[276],[277],[278],[279],[280],[281],[282],[283],[284],[285],[286],[287]],"strategy":0,"success_rate":[[100000,0],[100000,0],[100000,0],[100000,0],[100000,0],[100000,0],[100000,0],[100000,0],[100000,0],[100000,0],[100000,0],[100000,0],[100000,0],[100000,0],[100000,0],[100000,0],[100000,0],[100000,0],[100000,0],[99999,1],[100000,0],[100000,0],[99999,1],[99999,1],[99999,1],[99997,3],[99997,3],[99995,5],[99982,18],[99980,20],[99959,41],[99929,71],[99874,126],[99798,202],[99696,304],[99436,564],[99176,824],[98841,1159],[98119,1881],[97293,2707],[96029,3971],[94425,5575],[92720,7280],[90018,9982],[86506,13494],[83055,16945],[78471,21529],[73542,26458],[68580,31420],[63297,36703],[57760,42240],[52352,47648],[47630,52370],[43013,56987],[39183,60817],[36110,63890],[33170,66830],[30941,69059],[29436,70564],[28135,71865],[27047,72953],[26458,73542],[25825,74175],[25798,74202],[25388,74612],[25264,74736],[24928,75072],[25051,74949],[25154,74846],[24972,75028],[25073,74927],[25077,74923],[25094,74906],[24939,75061],[25060,74940],[25115,74885],[24838,75162],[24767,75233],[24926,75074],[24903,75097],[24879,75121],[24880,75120],[24918,75082],[25079,74921],[25007,74993],[24998,75002],[24910,75090],[25017,74983],[25056,74944],[24977,75023],[24975,75025],[24939,75061],[24913,75087],[25177,74823],[24954,75046],[25074,74926],[24921,75079],[25190,74810],[24782,75218],[24846,75154],[25017,74983]],"time_fin":"20240618_223149","time_start":"20240618_142917",