{"lattice_size":[10,10,10,10,10,10,10,10,10,10],"loss rate average":[0.0,0.010005449813902377,0.01997224980290979,0.02996569989906624,0.03997629998075776,0.050094249970978125,0.060034399962322786,0.07005285005802289,0.07983425013416447,0.08997810011632741,0.09991800000822172,0.1099846999352239,0.12004269995577634,0.12991470011264086,0.13985190035242587,0.14990505056422204,0.1599772006203979,0.17016785051055253,0.17990225025132298,0.19017779989458622,0.20007444949634373,0.21000114916354418,0.2200412988936156,0.2300180987095088,0.23998569855757057,0.2500254485271871,0.2599202485707402,0.27000229869365694,0.2800013489201665,0.29020564920142294,0.29994679945737124,0.3099945498068631,0.3199356500963867,0.3300481002976,0.34000805042341353,0.3500818503683805,0.3599779502727091,0.36999885009646416,0.3798009499193728,0.3899481497550011,0.40006819959968326,0.40994644957333803,0.4200473996526003,0.42993654973715545,0.440051699834168,0.4500956498593092,0.4600812497130036,0.46993439949691296,0.4798099992322922,0.4900372988700867,0.5001515985092521,0.510069248355925,0.5199245984688401,0.5297393986141682,0.5398635490253567,0.5501275994578004,0.5598988998904825,0.5700318500632048,0.579874300275445,0.5899290004995466,0.5998763004985451,0.6100385004609823,0.6199726000380517,0.6299067498147488,0.6399275995546579,0.649943149549365,0.660122349421978,0.6700387497061491,0.6800158497202397,0.6900125000375509,0.6999365504008531,0.7100952005642652,0.7197313507628441,0.7300810506653785,0.7399207003778219,0.7499421998757124,0.7600144993770123,0.7701245491051674,0.7800870993167162,0.7901547995328904,0.7999972497546672,0.8099428498136997,0.8200399999463558,0.8300442502599955,0.8399894511014223,0.8499953016209603,0.8599837515348197,0.8700701503759622,0.879933098667264,0.8900491475450992,0.9000360481196642,0.9099555500996113,0.9201038519299031,0.9299132013183832,0.9400124981194734,0.9499864451825619,0.9600038968479633,0.9700128051668405,0.9801135126727819,0.9900422092425823,1.0],"multiplexing":1,"num_error_happens":0,"num_photons":200,"num_qubits":200,"prob_e_vec":[0.0,0.009999999776482582,0.019999999552965164,0.029999999329447746,0.03999999910593033,0.05000000074505806,0.05999999865889549,0.07000000029802322,0.07999999821186066,0.09000000357627869,0.10000000149011612,0.10999999940395355,0.11999999731779099,0.12999999523162842,0.14000000059604645,0.15000000596046448,0.1599999964237213,0.17000000178813934,0.18000000715255737,0.1899999976158142,0.20000000298023224,0.20999999344348907,0.2199999988079071,0.23000000417232513,0.23999999463558197,0.25,0.25999999046325684,0.27000001072883606,0.2800000011920929,0.28999999165534973,0.30000001192092896,0.3100000023841858,0.3199999928474426,0.33000001311302185,0.3400000035762787,0.3499999940395355,0.36000001430511475,0.3700000047683716,0.3799999952316284,0.38999998569488525,0.4000000059604645,0.4099999964237213,0.41999998688697815,0.4300000071525574,0.4399999976158142,0.44999998807907104,0.46000000834465027,0.4699999988079071,0.47999998927116394,0.49000000953674316,0.5,0.5099999904632568,0.5199999809265137,0.5299999713897705,0.5400000214576721,0.550000011920929,0.5600000023841858,0.5699999928474426,0.5799999833106995,0.5899999737739563,0.6000000238418579,0.6100000143051147,0.6200000047683716,0.6299999952316284,0.6399999856948853,0.6499999761581421,0.6600000262260437,0.6700000166893005,0.6800000071525574,0.6899999976158142,0.699999988079071,0.7099999785423279,0.7200000286102295,0.7300000190734863,0.7400000095367432,0.75,0.7599999904632568,0.7699999809265137,0.7799999713897705,0.7900000214576721,0.800000011920929,0.8100000023841858,0.8199999928474426,0.8299999833106995,0.8399999737739563,0.8500000238418579,0.8600000143051147,0.8700000047683716,0.8799999952316284,0.8899999856948853,0.8999999761581421,0.9100000262260437,0.9200000166893005,0.9300000071525574,0.9399999976158142,0.949999988079071,0.9599999785423279,0.9700000286102295,0.9800000190734863,0.9900000095367432,1.0],"qubit list for each photon":[[0],[1],[2],[3],[4],[5],[6],[7],[8],[9],[10],[11],[12],[13],[14],[15],[16],[17],[18],[19],[20],[21],[22],[23],[24],[25],[26],[27],[28],[29],[30],[31],[32],[33],[34],[35],[36],[37],[38],[39],[40],[41],[42],[43],[44],[45],[46],[47],[48],[49],[50],[51],[52],[53],[54],[55],[56],[57],[58],[59],[60],[61],[62],[63],[64],[65],[66],[67],[68],[69],[70],[71],[72],[73],[74],[75],[76],[77],[78],[79],[80],[81],[82],[83],[84],[85],[86],[87],[88],[89],[90],[91],[92],[93],[94],[95],[96],[97],[98],[99],[100],[101],[102],[103],[104],[105],[106],[107],[108],[109],[110],[111],[112],[113],[114],[115],[116],[117],[118],[119],[120],[121],[122],[123],[124],[125],[126],[127],[128],[129],[130],[131],[132],[133],[134],[135],[136],[137],[138],[139],[140],[141],[142],[143],[144],[145],[146],[147],[148],[149],[150],[151],[152],[153],[154],[155],[156],[157],[158],[159],[160],[161],[162],[163],[164],[165],[166],[167],[168],[169],[170],[171],[172],[173],[174],[175],[176],[177],[178],[179],[180],[181],[182],[183],[184],[185],[186],[187],[188],[189],[190],[191],[192],[193],[194],[195],[196],[197],[198],[199]],"strategy":0,"success_rate":[[100000,0],[100000,0],[100000,0],[100000,0],[100000,0],[100000,0],[100000,0],[100000,0],[100000,0],[100000,0],[100000,0],[100000,0],[100000,0],[100000,0],[100000,0],[100000,0],[100000,0],[100000,0],[100000,0],[99999,1],[100000,0],[99998,2],[99998,2],[99998,2],[99987,13],[99990,10],[99974,26],[99963,37],[99945,55],[99898,102],[99848,152],[99773,227],[99607,393],[99465,535],[99244,756],[98779,1221],[98342,1658],[97689,2311],[96692,3308],[95532,4468],[94049,5951],[92084,7916],[89768,10232],[87083,12917],[83616,16384],[80019,19981],[76079,23921],[71645,28355],[67268,32732],[62258,37742],[57783,42217],[53025,46975],[48667,51333],[44675,55325],[41541,58459],[37817,62183],[35267,64733],[32884,67116],[31057,68943],[29574,70426],[27956,72044],[27355,72645],[26695,73305],[26271,73729],[25934,74066],[25686,74314],[25418,74582],[25132,74868],[25152,74848],[24913,75087],[25021,74979],[24890,75110],[24801,75199],[24791,75209],[25131,74869],[24941,75059],[24876,75124],[24930,75070],[25114,74886],[25046,74954],[25070,74930],[24860,75140],[25080,74920],[24923,75077],[24970,75030],[25078,74922],[25219,74781],[24936,75064],[24755,75245],[24917,75083],[24840,75160],[25050,74950],[25194,74806],[25033,74967],[25042,74958],[25095,74905],[25032,74968],[25081,74919],[24982,75018],[25061,74939],[24954,75046]],"time_fin":"20240618_174349","time_start":"20240618_142917",