{"lattice_size":[10,10,10,10,10,10,10,10,10,10],"loss rate average":[0.0,0.010036499781217427,0.020039099626243114,0.030024999574180693,0.04004049959840253,0.0499452996901609,0.05993379980200902,0.07003739992331713,0.08005969997679814,0.08997429997686297,0.1000187999377586,0.11001159987434744,0.11989599991420284,0.13022979998266324,0.1400580001244694,0.1499215002339147,0.1600043003358133,0.16997020032817498,0.17992630024930462,0.19007610016845167,0.20007250001145527,0.21001209986101835,0.2198069997624308,0.22989789976134897,0.23968999983742834,0.2499734999909997,0.26015850023157894,0.2699813004766405,0.28011940079785885,0.2899562010677904,0.30008850128516557,0.3102330014264584,0.31990170150697234,0.3302542013448477,0.3400648012727499,0.35004880102083086,0.36034740064293147,0.3702113001844287,0.3800788997580111,0.38979829931855203,0.40020979887142777,0.41010929850816724,0.41981189815759656,0.4299964979198575,0.44004799771115183,0.45002499742805957,0.45987659727245567,0.46986029713243244,0.4798732969328761,0.4897495968860388,0.5004269966933131,0.509820996722579,0.5199138968458772,0.5302174968454242,0.5399626970428228,0.54996699716717,0.559728797416687,0.5697124978455901,0.5800175981497765,0.59009819868505,0.6000361989751458,0.6101381993290782,0.6201413998275995,0.6301049001657962,0.6398936005586385,0.6499464009356499,0.6599431011211873,0.6698770015007257,0.6798236016961933,0.6900406017959118,0.7000157018762827,0.7102986017400026,0.7199616013681889,0.7301651009428501,0.7400137005090713,0.7502490998524427,0.7599388994282484,0.769912498780489,0.7796822983592748,0.7898695979732275,0.7999531979572773,0.810335297883749,0.8198598979824782,0.8300571983027458,0.8400417986899614,0.8500698990511895,0.8600712994587422,0.8699179997950792,0.8802234001606702,0.8901714005970955,0.9000388011336327,0.9099652016317844,0.920096402001977,0.9301604018175602,0.9399601015585661,0.9499574018490314,0.9600227037072182,0.9700339076644182,0.9800747106909752,0.9900199084299803,1.0],"multiplexing":2,"num_error_happens":0,"num_photons":100,"num_qubits":200,"prob_e_vec":[0.0,0.009999999776482582,0.019999999552965164,0.029999999329447746,0.03999999910593033,0.05000000074505806,0.05999999865889549,0.07000000029802322,0.07999999821186066,0.09000000357627869,0.10000000149011612,0.10999999940395355,0.11999999731779099,0.12999999523162842,0.14000000059604645,0.15000000596046448,0.1599999964237213,0.17000000178813934,0.18000000715255737,0.1899999976158142,0.20000000298023224,0.20999999344348907,0.2199999988079071,0.23000000417232513,0.23999999463558197,0.25,0.25999999046325684,0.27000001072883606,0.2800000011920929,0.28999999165534973,0.30000001192092896,0.3100000023841858,0.3199999928474426,0.33000001311302185,0.3400000035762787,0.3499999940395355,0.36000001430511475,0.3700000047683716,0.3799999952316284,0.38999998569488525,0.4000000059604645,0.4099999964237213,0.41999998688697815,0.4300000071525574,0.4399999976158142,0.44999998807907104,0.46000000834465027,0.4699999988079071,0.47999998927116394,0.49000000953674316,0.5,0.5099999904632568,0.5199999809265137,0.5299999713897705,0.5400000214576721,0.550000011920929,0.5600000023841858,0.5699999928474426,0.5799999833106995,0.5899999737739563,0.6000000238418579,0.6100000143051147,0.6200000047683716,0.6299999952316284,0.6399999856948853,0.6499999761581421,0.6600000262260437,0.6700000166893005,0.6800000071525574,0.6899999976158142,0.699999988079071,0.7099999785423279,0.7200000286102295,0.7300000190734863,0.7400000095367432,0.75,0.7599999904632568,0.7699999809265137,0.7799999713897705,0.7900000214576721,0.800000011920929,0.8100000023841858,0.8199999928474426,0.8299999833106995,0.8399999737739563,0.8500000238418579,0.8600000143051147,0.8700000047683716,0.8799999952316284,0.8899999856948853,0.8999999761581421,0.9100000262260437,0.9200000166893005,0.9300000071525574,0.9399999976158142,0.949999988079071,0.9599999785423279,0.9700000286102295,0.9800000190734863,0.9900000095367432,1.0],"qubit list for each photon":[[21,171],[37,64],[84,3],[104,195],[55,187],[65,192],[15,79],[153,162],[197,106],[137,150],[94,125],[44,92],[27,156],[182,68],[145,59],[28,139],[181,69],[184,172],[194,128],[25,17],[75,19],[107,20],[72,179],[41,73],[57,154],[176,12],[33,178],[199,90],[136,14],[16,133],[51,23],[157,13],[160,45],[56,124],[10,189],[105,151],[62,91],[113,167],[11,173],[129,47],[95,26],[34,144],[85,35],[141,71],[155,123],[24,130],[165,7],[86,134],[0,163],[102,52],[122,6],[175,109],[88,53],[70,159],[96,32],[38,183],[146,80],[89,40],[149,30],[118,196],[54,43],[8,131],[168,5],[191,142],[50,81],[2,135],[161,36],[31,42],[138,188],[108,117],[114,185],[76,127],[60,169],[186,97],[121,29],[99,152],[49,83],[22,170],[58,174],[193,111],[74,147],[120,67],[112,46],[158,9],[180,48],[100,1],[115,148],[39,164],[87,132],[78,166],[98,4],[93,190],[119,126],[103,18],[63,116],[110,198],[61,143],[101,66],[140,82],[177,77]],"strategy":2,"success_rate":[[100000,0],[100000,0],[100000,0],[100000,0],[100000,0],[100000,0],[100000,0],[100000,0],[100000,0],[100000,0],[100000,0],[100000,0],[100000,0],[100000,0],[100000,0],[100000,0],[100000,0],[99999,1],[99999,1],[100000,0],[99998,2],[99999,1],[99997,3],[99990,10],[99983,17],[99972,28],[99945,55],[99941,59],[99877,123],[99826,174],[99726,274],[99563,437],[99357,643],[99124,876],[98731,1269],[98222,1778],[97597,2403],[96622,3378],[95632,4368],[94281,5719],[92323,7677],[90547,9453],[88154,11846],[85248,14752],[82169,17831],[78659,21341],[74975,25025],[71146,28854],[67127,32873],[62891,37109],[58346,41654],[54456,45544],[50319,49681],[46911,53089],[43462,56538],[40138,59862],[37362,62638],[35215,64785],[32762,67238],[31014,68986],[29788,70212],[28680,71320],[27521,72479],[27006,72994],[26552,73448],[26021,73979],[25643,74357],[25310,74690],[25410,74590],[25215,74785],[24979,75021],[25079,74921],[24869,75131],[24999,75001],[24943,75057],[24854,75146],[25279,74721],[25021,74979],[25095,74905],[24888,75112],[25110,74890],[24861,75139],[25184,74816],[24880,75120],[25050,74950],[24973,75027],[24863,75137],[24901,75099],[24825,75175],[24815,75185],[25214,74786],[25090,74910],[24862,75138],[25002,74998],[25047,74953],[25020,74980],[24978,75022],[24738,75262],[24934,75066],[24700,75300],[24845,75155]],"threshold":3,"time_fin":"20240619_204157","time_start":"20240619_172155",