{"lattice_size":[14,14,14,14,14,14,14,14,14,14,14,14,14,14],"loss rate average":[0.0,0.009974999856138603,0.019975816207351164,0.029931326582292094,0.03995193907155655,0.05004683728222735,0.06001816399368457,0.06993234774892218,0.08003642942448147,0.09006061308746226,0.1000228579711821,0.1099569396261312,0.11993704171631485,0.1298632662862912,0.139910001098644,0.1500017359326035,0.15991316463742405,0.17005949125401676,0.17990622599616646,0.18983755252834408,0.2000045932591334,0.21008806251868606,0.21988326645012946,0.22999173567004502,0.23981122526414692,0.25015581695377825,0.26004183730110525,0.2700742861509323,0.2800223473953456,0.2899540820623934,0.29997969443641603,0.3099101026731729,0.32014510271042584,0.3304053068929911,0.34009183761179446,0.34996316424548624,0.3598133684283495,0.3697863276769221,0.37980347061619163,0.38990632777631284,0.40007540943086145,0.40974449117943645,0.41992642978325484,0.4299742868152261,0.4398772457657754,0.45012734749704597,0.46011693882793187],"multiplexing":4,"num_error_happens":0,"num_photons":98,"num_qubits":392,"prob_e_vec":[0.0,0.009999999776482582,0.019999999552965164,0.029999999329447746,0.03999999910593033,0.05000000074505806,0.05999999865889549,0.07000000029802322,0.07999999821186066,0.09000000357627869,0.10000000149011612,0.10999999940395355,0.11999999731779099,0.12999999523162842,0.14000000059604645,0.15000000596046448,0.1599999964237213,0.17000000178813934,0.18000000715255737,0.1899999976158142,0.20000000298023224,0.20999999344348907,0.2199999988079071,0.23000000417232513,0.23999999463558197,0.25,0.25999999046325684,0.27000001072883606,0.2800000011920929,0.28999999165534973,0.30000001192092896,0.3100000023841858,0.3199999928474426,0.33000001311302185,0.3400000035762787,0.3499999940395355,0.36000001430511475,0.3700000047683716,0.3799999952316284,0.38999998569488525,0.4000000059604645,0.4099999964237213,0.41999998688697815,0.4300000071525574,0.4399999976158142,0.44999998807907104,0.46000000834465027],"qubit list for each photon":[[71,66,231,182],[323,272,39,29],[253,328,264,77],[164,150,45,252],[391,85,124,133],[122,106,96,105],[148,233,374,201],[109,117,239,90],[86,242,171,284],[202,334,304,126],[208,173,30,209],[310,357,369,363],[354,361,7,95],[256,101,52,134],[344,326,93,58],[247,276,168,336],[16,18,360,279],[186,102,50,59],[152,333,257,319],[172,214,79,199],[193,83,303,78],[236,0,197,54],[9,80,298,296],[111,154,61,277],[20,135,230,356],[157,36,51,235],[215,21,110,94],[22,332,269,260],[341,170,174,380],[63,41,365,282],[224,245,379,293],[14,2,297,155],[11,327,353,153],[159,26,219,381],[190,81,123,352],[70,114,137,206],[382,345,165,278],[368,121,371,25],[322,181,28,351],[62,390,259,129],[69,191,162,72],[12,87,347,147],[317,220,291,273],[254,329,229,42],[281,261,99,294],[192,288,315,13],[289,89,318,343],[292,302,128,283],[161,271,15,311],[145,68,249,84],[120,143,335,98],[389,243,240,195],[290,362,213,75],[179,337,3,211],[19,64,222,349],[316,23,125,118],[301,196,107,338],[38,330,373,115],[287,130,340,175],[384,216,73,387],[24,203,210,138],[43,56,300,116],[27,207,46,144],[274,324,140,325],[47,367,35,198],[31,309,299,37],[372,228,151,248],[370,307,342,348],[250,55,132,131],[149,295,32,305],[241,187,112,65],[176,188,376,237],[184,244,194,234],[312,33,270,119],[225,263,388,97],[183,40,355,4],[44,57,246,226],[205,200,88,350],[189,275,377,158],[48,10,100,218],[53,104,177,262],[108,82,60,227],[358,280,346,286],[146,251,267,67],[139,221,321,364],[375,385,223,169],[74,386,366,285],[76,113,5,163],[383,320,92,167],[103,313,180,127],[266,265,238,156],[212,232,314,34],[141,339,142,6],[378,166,178,331],[185,91,8,258],[255,268,359,306],[308,17,49,217],[204,136,160,1]],"strategy":1,"success_rate":[[100000,0],[100000,0],[100000,0],[100000,0],[100000,0],[100000,0],[100000,0],[100000,0],[100000,0],[100000,0],[100000,0],[100000,0],[100000,0],[100000,0],[100000,0],[100000,0],[100000,0],[100000,0],[100000,0],[100000,0],[100000,0],[99999,1],[100000,0],[100000,0],[100000,0],[99990,10],[99984,16],[99973,27],[99956,44],[99915,85],[99861,139],[99793,207],[99647,353],[99529,471],[99243,757],[98864,1136],[98307,1693],[97684,2316],[96707,3293],[95647,4353],[93930,6070],[92290,7710],[89889,10111],[87190,12810],[84255,15745],[80438,19562],[76593,23407]],"time_fin":"20240619_180148","time_start":"20240619_172154","z error rate average":[0.0,0.004990025524951052,0.009991326609083917,0.014959642994932364,0.019998826711312867,0.025022041031166446,0.030014030856115276,0.034962219654645306,0.039979209468185437,0.044994592121026945,0.05002438802848105,0.05501964311162243,0.05992635227384744,0.06496321450407151,0.07000561245837249,0.07502142875601538,0.07996252569942736,0.08505035733569413,0.08992071446249261,0.09495211749111303,0.10003306131018326,0.10503096943395213,0.10993344386590645,0.11503573970077559,0.11993191310739144,0.12513607121709736,0.12998329055089503,0.13504913233261556,0.14001158133029937,0.14501280581329018,0.1500330609124154,0.15501466808672995,0.16003247423902153,0.16523020387675613,0.1700333926472813,0.17495382638953627,0.17998492337077857,0.18485818869881332,0.1899045662689954,0.19498035710155964,0.1999785713750124,0.2048329591012746,0.20985010193504394,0.21504364780567586,0.2199478313908726,0.22513915784277022,0.23001395360171795]}