{"lattice_size":[20,20,20,20,20,20,20,20,20,20,20,20,20,20,20,20,20,20,20,20],"loss rate average":[0.0,0.00991789978304878,0.01996419962523505,0.029996799570061267,0.03997519960273057,0.04997899968566373,0.05996939980743453,0.06992859992027282,0.0798827999705635,0.09004379998054356,0.10011779992487281,0.1100251998982206,0.12008539991863072,0.13002709997443482,0.14014110011449082,0.14990350022885948,0.16005260032925755,0.17001390033686534,0.18004360026303678,0.19019610017487779,0.20000060002077372,0.20998139987576753,0.22021379979781808,0.23001269977584482,0.24002389980256558,0.24999399993367494],"multiplexing":8,"num_error_happens":0,"num_photons":100,"num_qubits":800,"prob_e_vec":[0.0,0.009999999776482582,0.019999999552965164,0.029999999329447746,0.03999999910593033,0.05000000074505806,0.05999999865889549,0.07000000029802322,0.07999999821186066,0.09000000357627869,0.10000000149011612,0.10999999940395355,0.11999999731779099,0.12999999523162842,0.14000000059604645,0.15000000596046448,0.1599999964237213,0.17000000178813934,0.18000000715255737,0.1899999976158142,0.20000000298023224,0.20999999344348907,0.2199999988079071,0.23000000417232513,0.23999999463558197,0.25],"qubit list for each photon":[[407,76,41,316,113,245,725,768],[388,397,7,36,497,599,360,594],[515,136,270,135,543,706,644,367],[692,33,5,624,302,657,103,253],[326,335,294,222,137,46,769,723],[724,787,130,368,709,387,202,180],[334,676,439,423,643,336,299,561],[338,444,90,107,508,507,124,179],[686,68,742,323,437,287,710,116],[125,753,428,754,166,272,300,263],[189,85,784,696,649,660,751,145],[455,96,703,694,93,517,384,516],[141,66,341,160,357,153,372,228],[554,569,296,559,579,386,786,221],[309,268,131,715,457,158,653,390],[154,792,729,788,197,572,353,354],[598,328,362,711,622,119,25,378],[383,67,285,248,782,325,496,526],[448,269,48,605,371,157,9,757],[27,254,661,491,557,99,752,150],[704,72,669,144,104,601,59,122],[10,564,218,593,151,493,70,527],[281,182,243,523,247,256,578,465],[728,628,203,274,77,477,677,744],[700,600,472,356,286,313,471,797],[545,547,42,679,100,741,251,267],[29,408,592,671,681,659,655,720],[84,415,126,83,349,143,324,140],[442,469,278,712,231,481,693,163],[488,159,794,69,450,361,640,590],[239,446,454,322,108,668,478,365],[396,612,306,314,690,717,435,698],[785,750,639,549,514,596,65,597],[634,260,333,105,464,650,766,44],[186,427,49,736,146,738,205,206],[11,504,162,619,414,377,577,337],[489,330,734,187,358,528,778,406],[261,463,262,566,642,591,501,438],[503,777,553,731,576,208,499,749],[236,682,563,789,623,200,404,525],[667,147,635,663,317,510,536,509],[533,719,363,389,88,401,611,45],[419,232,426,291,775,359,1,585],[664,344,558,629,685,47,447,418],[87,394,658,220,32,209,97,633],[370,226,376,134,470,722,216,759],[34,637,311,28,733,169,102,716],[544,575,176,288,304,403,737,670],[411,111,774,161,53,645,531,688],[502,185,708,674,282,540,51,589],[13,74,214,630,773,14,188,714],[219,522,271,474,568,8,586,195],[627,570,252,740,625,241,606,393],[647,60,473,580,654,173,199,234],[548,673,56,603,233,37,312,573],[355,770,482,699,89,588,178,763],[258,651,695,730,289,552,340,772],[582,240,82,483,283,631,374,684],[382,702,431,43,756,535,771,171],[63,92,721,16,52,490,295,691],[583,511,194,117,17,410,266,132],[519,451,456,329,620,373,148,524],[574,121,529,118,273,79,193,467],[55,375,539,492,170,230,672,614],[57,512,432,565,165,793,75,461],[445,86,211,133,765,581,555,40],[780,466,223,152,453,646,115,739],[343,101,275,391,18,293,12,350],[177,652,701,762,495,498,468,198],[204,307,348,201,462,327,436,6],[537,475,638,279,265,747,192,420],[38,62,761,2,521,321,562,112],[196,518,80,217,760,776,155,433],[81,641,648,227,308,351,616,662],[22,755,123,280,237,610,571,114],[23,424,748,379,429,538,352,399],[476,505,459,416,494,175,520,400],[319,127,458,636,746,207,184,347],[532,604,602,713,398,181,587,790],[799,94,689,735,139,618,98,607],[402,381,24,534,277,164,452,290],[385,297,546,366,109,305,315,542],[110,91,303,167,149,417,732,345],[764,430,172,238,726,541,26,20],[320,609,246,212,405,745,190,120],[298,486,556,395,71,707,259,346],[392,156,705,276,168,506,626,449],[31,235,443,409,35,697,73,767],[210,191,249,264,683,174,680,412],[284,422,21,421,798,613,301,225],[50,54,617,224,15,364,255,718],[257,675,332,665,727,369,632,61],[687,513,3,425,615,331,213,567],[796,595,339,479,78,106,95,229],[440,500,584,560,551,58,795,621],[129,434,30,485,487,666,608,460],[550,4,413,342,791,758,183,215],[783,292,250,781,242,64,142,380],[318,39,779,480,743,656,484,310],[678,530,441,128,244,138,19,0]],"strategy":1,"success_rate":[[100000,0],[100000,0],[100000,0],[100000,0],[100000,0],[100000,0],[100000,0],[100000,0],[100000,0],[100000,0],[100000,0],[100000,0],[100000,0],[100000,0],[100000,0],[100000,0],[100000,0],[100000,0],[100000,0],[100000,0],[100000,0],[100000,0],[100000,0],[100000,0],[99999,1],[99999,1]],"time_fin":"20240618_144606","time_start":"20240618_142919","z error rate average":[0.0,0.004955699983455707,0.00998936248948332,0.015004337499840184,0.020002925012859052,0.02499902502400335,0.029977575032601598,0.03498326251082821,0.039953387489581944,0.04502016244204482,0.050071399909767784,0.05504103737032041,0.060034574859344866,0.065014199851593,0.07006356236064108,0.07493034988174214,0.08001829990049358,0.0849625499157887,0.09001574991796166,0.09506431241465732,0.10000258740693331,0.10498501240734011,0.11007252488894388,0.1150165748835355,0.11998539989057928,0.12494966236943379]}