{"lattice_size":[10,10,10,10,10,10,10,10,10,10],"loss rate average":[0.0,0.010066399774998427,0.020111599551290275,0.030080399332195522,0.04013599912248552,0.049717598933503034,0.05997239875048399,0.06993159860119223,0.07993839847266675,0.09009079837575555,0.09998559829965234,0.11007559826895595,0.1199631982471794,0.12991519826076925,0.14027999827884138,0.1496843983054161,0.15977079834386707,0.16983959842130542,0.18020719848662614,0.19071279858201742,0.200286798684299,0.20992999878972768,0.2195311989287287,0.2293411990761757,0.2401663992239535,0.2503143993780762,0.26022759955585,0.27035039968386293,0.2799027998699993,0.28989919997639957,0.30033000011198224,0.3099640002434701,0.32009480027392506,0.32977720033600927,0.33954960034385323,0.35023600028373303,0.3596772002712637,0.3701368001461029,0.3803256000008434,0.3892303998274356,0.40013319959148763,0.4100059994466603,0.4201647992901504,0.4301287990830094,0.44026679886840286,0.449967998701632,0.460116798639968,0.46952319856874647,0.48065519852638244,0.49011559857711195,0.5001495986232162,0.509860398773849,0.5196447989204526,0.5301559992930293,0.5401975995507836,0.5500699999109656,0.5597608002470433,0.5698784006102383,0.5800800010801852,0.5904032015387713,0.5991852019307017,0.6099460024134815,0.6200516027274727,0.6297228031542897,0.6405668034724891,0.6500588037215174,0.660110403946191,0.6699524041633308,0.6802472041933239,0.6904592041568458,0.6996048040881753,0.7098760039573908,0.7202888037320971,0.7307864033704996,0.7399948030236363,0.7502192024740577,0.7601448018866778,0.7695240014123916,0.7796792007935047,0.7897500000292063,0.8000515993827582,0.8094463988506794,0.8196887981596589,0.830019997625351,0.8401291971167922,0.8503383968317508,0.8598239965254069,0.8703651963037252,0.8799563962519169,0.8897183962386847,0.8999127962505817,0.9099171961504221,0.9201451959270239,0.9299875958293676,0.940179195395708,0.9500231949216127,0.9600635944563151,0.9699443942862749,0.9799423945826292,0.9899655961787701,1.0],"multiplexing":8,"num_error_happens":0,"num_photons":25,"num_qubits":200,"prob_e_vec":[0.0,0.009999999776482582,0.019999999552965164,0.029999999329447746,0.03999999910593033,0.05000000074505806,0.05999999865889549,0.07000000029802322,0.07999999821186066,0.09000000357627869,0.10000000149011612,0.10999999940395355,0.11999999731779099,0.12999999523162842,0.14000000059604645,0.15000000596046448,0.1599999964237213,0.17000000178813934,0.18000000715255737,0.1899999976158142,0.20000000298023224,0.20999999344348907,0.2199999988079071,0.23000000417232513,0.23999999463558197,0.25,0.25999999046325684,0.27000001072883606,0.2800000011920929,0.28999999165534973,0.30000001192092896,0.3100000023841858,0.3199999928474426,0.33000001311302185,0.3400000035762787,0.3499999940395355,0.36000001430511475,0.3700000047683716,0.3799999952316284,0.38999998569488525,0.4000000059604645,0.4099999964237213,0.41999998688697815,0.4300000071525574,0.4399999976158142,0.44999998807907104,0.46000000834465027,0.4699999988079071,0.47999998927116394,0.49000000953674316,0.5,0.5099999904632568,0.5199999809265137,0.5299999713897705,0.5400000214576721,0.550000011920929,0.5600000023841858,0.5699999928474426,0.5799999833106995,0.5899999737739563,0.6000000238418579,0.6100000143051147,0.6200000047683716,0.6299999952316284,0.6399999856948853,0.6499999761581421,0.6600000262260437,0.6700000166893005,0.6800000071525574,0.6899999976158142,0.699999988079071,0.7099999785423279,0.7200000286102295,0.7300000190734863,0.7400000095367432,0.75,0.7599999904632568,0.7699999809265137,0.7799999713897705,0.7900000214576721,0.800000011920929,0.8100000023841858,0.8199999928474426,0.8299999833106995,0.8399999737739563,0.8500000238418579,0.8600000143051147,0.8700000047683716,0.8799999952316284,0.8899999856948853,0.8999999761581421,0.9100000262260437,0.9200000166893005,0.9300000071525574,0.9399999976158142,0.949999988079071,0.9599999785423279,0.9700000286102295,0.9800000190734863,0.9900000095367432,1.0],"qubit list for each photon":[[178,55,169,190,189,48,53,94],[69,81,38,64,76,3,186,168],[108,152,83,63,89,141,29,164],[163,59,92,105,158,132,104,162],[19,193,5,4,142,196,137,177],[120,0,52,147,157,183,127,131],[145,135,99,44,14,49,45,106],[155,154,86,166,24,133,10,167],[180,43,13,136,149,1,72,17],[100,70,93,8,79,58,125,148],[31,144,146,143,124,174,2,47],[33,151,102,88,16,73,6,36],[138,26,109,181,160,129,185,103],[126,77,150,179,20,170,176,61],[118,187,112,12,41,18,84,78],[46,110,116,65,96,15,32,97],[115,191,54,25,165,30,111,153],[11,197,171,66,62,95,71,7],[68,23,35,9,91,28,121,173],[85,113,40,159,75,56,101,192],[107,57,21,74,50,123,134,37],[34,140,139,172,156,67,194,42],[182,82,130,195,198,22,90,60],[51,87,114,175,122,98,188,161],[80,128,27,184,119,39,117,199]],"strategy":1,"success_rate":[[100000,0],[100000,0],[100000,0],[100000,0],[100000,0],[100000,0],[99999,1],[100000,0],[99999,1],[100000,0],[99999,1],[99998,2],[99995,5],[99991,9],[99992,8],[99967,33],[99965,35],[99925,75],[99906,94],[99871,129],[99802,198],[99696,304],[99625,375],[99499,501],[99300,700],[99060,940],[98735,1265],[98417,1583],[97994,2006],[97398,2602],[96763,3237],[96208,3792],[95304,4696],[94357,5643],[93363,6637],[92021,7979],[90843,9157],[89147,10853],[87399,12601],[85945,14055],[83609,16391],[81640,18360],[79448,20552],[77275,22725],[74779,25221],[72447,27553],[69910,30090],[67565,32435],[64414,35586],[61988,38012],[59362,40638],[56847,43153],[54360,45640],[51566,48434],[49232,50768],[46872,53128],[44611,55389],[42687,57313],[40635,59365],[38719,61281],[37224,62776],[35287,64713],[34069,65931],[32579,67421],[31325,68675],[30596,69404],[29671,70329],[28862,71138],[28042,71958],[27525,72475],[27026,72974],[26644,73356],[26308,73692],[25945,74055],[25841,74159],[25740,74260],[25483,74517],[25190,74810],[25439,74561],[25102,74898],[25010,74990],[24948,75052],[24930,75070],[25008,74992],[24937,75063],[24873,75127],[24884,75116],[24866,75134],[24855,75145],[24889,75111],[24776,75224],[24978,75022],[25138,74862],[24802,75198],[24951,75049],[25087,74913],[25063,74937],[24993,75007],[24965,75035],[24848,75152],[24879,75121]],"time_fin":"20240618_175149","time_start":"20240618_142918",