{"lattice_size":[7,7,7,7,7,7,7],"loss rate average":[0.0,0.010001020266693085,0.01998153049607761,0.02996673474347219,0.04001571458872408,0.05012959239061922,0.059938572150124235,0.07004102122108452,0.07980357226602733,0.09024255184861832,0.10003949063010514,0.10985449064527639,0.12008265396286734,0.13016632753917948,0.14004071540690957,0.14972122573167085,0.15995714420750737,0.17001173616390675,0.180112960687764,0.1901185729201138,0.19997040959034115,0.20978408294383435,0.2199300011458993,0.2298980622364208,0.2399089804250747,0.24998877616263926,0.259963980089128,0.26987989844307303,0.2801322453325987,0.29014285762183367,0.2999189800953865,0.31008122508622704,0.3199084700366855,0.3297985722362995,0.3400654089966416,0.3499756132003665,0.35995540921837094,0.3701613276991248,0.3801905114424229,0.3900752053768933,0.4001240829336643,0.4099728584289551,0.4198620420613885,0.42999602151095867,0.4403424498039484,0.4498653066498041,0.45990326536521314,0.4699220403519273,0.479975407076478,0.4896304064244032,0.5000229567846656,0.5098921400168538,0.5197663233757019,0.5298288742434979,0.5400010173243284,0.5502687727552652,0.5598069363945722,0.5702213248348236,0.5798879578864574,0.5900498969167471,0.6000782645058632,0.610018672619462,0.6199789784985781,0.6299847945174575,0.6397198963284493,0.6503127532589436,0.6597956104183197,0.6699431616872549,0.6801684684455395,0.6900386731112004,0.6999208166146278,0.7101410211580992,0.7198985723412037,0.7298606128895283,0.7400089798307419,0.7496619385778904,0.7598878560614586,0.7699014271229505,0.7801505086237193,0.7901474478292465,0.7997819385713338,0.8099193887758255,0.8200025533914566,0.8299707176744938,0.8399650039929152,0.8500599018073082,0.8600627577590942,0.8700943886566163,0.8801203048324585,0.8902094866150617,0.8999661180788279,0.9098315263795853,0.9198445895212889,0.9300819403266907,0.9398415367639065,0.9499775617778301,0.9599512376970053,0.969979196267128,0.9799857236242294,0.9899994945621491,1.0],"multiplexing":1,"num_error_happens":0,"num_photons":98,"num_qubits":98,"prob_e_vec":[0.0,0.009999999776482582,0.019999999552965164,0.029999999329447746,0.03999999910593033,0.05000000074505806,0.05999999865889549,0.07000000029802322,0.07999999821186066,0.09000000357627869,0.10000000149011612,0.10999999940395355,0.11999999731779099,0.12999999523162842,0.14000000059604645,0.15000000596046448,0.1599999964237213,0.17000000178813934,0.18000000715255737,0.1899999976158142,0.20000000298023224,0.20999999344348907,0.2199999988079071,0.23000000417232513,0.23999999463558197,0.25,0.25999999046325684,0.27000001072883606,0.2800000011920929,0.28999999165534973,0.30000001192092896,0.3100000023841858,0.3199999928474426,0.33000001311302185,0.3400000035762787,0.3499999940395355,0.36000001430511475,0.3700000047683716,0.3799999952316284,0.38999998569488525,0.4000000059604645,0.4099999964237213,0.41999998688697815,0.4300000071525574,0.4399999976158142,0.44999998807907104,0.46000000834465027,0.4699999988079071,0.47999998927116394,0.49000000953674316,0.5,0.5099999904632568,0.5199999809265137,0.5299999713897705,0.5400000214576721,0.550000011920929,0.5600000023841858,0.5699999928474426,0.5799999833106995,0.5899999737739563,0.6000000238418579,0.6100000143051147,0.6200000047683716,0.6299999952316284,0.6399999856948853,0.6499999761581421,0.6600000262260437,0.6700000166893005,0.6800000071525574,0.6899999976158142,0.699999988079071,0.7099999785423279,0.7200000286102295,0.7300000190734863,0.7400000095367432,0.75,0.7599999904632568,0.7699999809265137,0.7799999713897705,0.7900000214576721,0.800000011920929,0.8100000023841858,0.8199999928474426,0.8299999833106995,0.8399999737739563,0.8500000238418579,0.8600000143051147,0.8700000047683716,0.8799999952316284,0.8899999856948853,0.8999999761581421,0.9100000262260437,0.9200000166893005,0.9300000071525574,0.9399999976158142,0.949999988079071,0.9599999785423279,0.9700000286102295,0.9800000190734863,0.9900000095367432,1.0],"qubit list for each photon":[[0],[1],[2],[3],[4],[5],[6],[7],[8],[9],[10],[11],[12],[13],[14],[15],[16],[17],[18],[19],[20],[21],[22],[23],[24],[25],[26],[27],[28],[29],[30],[31],[32],[33],[34],[35],[36],[37],[38],[39],[40],[41],[42],[43],[44],[45],[46],[47],[48],[49],[50],[51],[52],[53],[54],[55],[56],[57],[58],[59],[60],[61],[62],[63],[64],[65],[66],[67],[68],[69],[70],[71],[72],[73],[74],[75],[76],[77],[78],[79],[80],[81],[82],[83],[84],[85],[86],[87],[88],[89],[90],[91],[92],[93],[94],[95],[96],[97]],"strategy":0,"success_rate":[[100000,0],[100000,0],[100000,0],[100000,0],[100000,0],[100000,0],[100000,0],[100000,0],[100000,0],[100000,0],[100000,0],[100000,0],[100000,0],[100000,0],[99998,2],[99998,2],[99995,5],[99995,5],[99991,9],[99989,11],[99974,26],[99968,32],[99948,52],[99915,85],[99864,136],[99825,175],[99734,266],[99648,352],[99470,530],[99283,717],[99002,998],[98652,1348],[98223,1777],[97708,2292],[96974,3026],[96168,3832],[95104,4896],[93953,6047],[92418,7582],[90707,9293],[88882,11118],[86633,13367],[84132,15868],[81411,18589],[78491,21509],[75353,24647],[71758,28242],[68473,31527],[64865,35135],[61484,38516],[57828,42172],[54230,45770],[50763,49237],[47260,52740],[44511,55489],[41717,58283],[39287,60713],[36545,63455],[34911,65089],[33189,66811],[31794,68206],[30420,69580],[29227,70773],[28629,71371],[27518,72482],[26998,73002],[26660,73340],[26189,73811],[26088,73912],[25991,74009],[25755,74245],[25332,74668],[25083,74917],[25232,74768],[25253,74747],[25371,74629],[25187,74813],[24928,75072],[25090,74910],[25133,74867],[25121,74879],[25158,74842],[24978,75022],[24995,75005],[24956,75044],[25235,74765],[25172,74828],[24961,75039],[25049,74951],[25212,74788],[24858,75142],[24992,75008],[25059,74941],[24600,75400],[24990,75010],[25170,74830],[24769,75231],[24926,75074],[24982,75018],[24949,75051],[24651,75349]],"time_fin":"20240619_181801","time_start":"20240619_172158","z error rate average":[0.0,0.0049972448067832735,0.009963979450333863,0.014966428422955796,0.020018061107443644,0.02504040811517276,0.029891632703160868,0.03498540833583102,0.039896837037019434,0.045192653504423794,0.05002142912519164,0.0549895924803894,0.0600383680640813,0.06503500078387559,0.07004153142965398,0.0747530620598048,0.07995479676909745,0.08498796001637354,0.09003591920409351,0.09500755185295828,0.09986040898654609,0.10480796002050861,0.10996132737456821,0.11488030699041672,0.11979847030407749,0.12488387850430795,0.12998265406140128,0.13477418472127056,0.14010877658858895,0.14506296035932376,0.14983908286947756,0.15514030745968221,0.16003653197169304,0.16496785855533555,0.17007755247816445,0.17501591983102263,0.17996010354228317,0.18508336882039905,0.19009418516166507,0.1949113279952854,0.20002061366345733,0.20482040953237562,0.20982265438087286,0.2152119400242716,0.22016020524673163,0.22484306229129433,0.22997775610141455,0.2350152049601078,0.23996112322367727,0.24463489868469537,0.2497346945308149,0.2548102046687901,0.25973693931102754,0.26492653107844294,0.269916633117497,0.275044694314301,0.2798539800394326,0.2852765310934186,0.2900890821086615,0.2951951025277376,0.2999823474488407,0.30493500055417416,0.3099601026125252,0.3149495924790204,0.31968061291888356,0.3250933681041002,0.32993367422759534,0.3346476539100707,0.34033265394583345,0.3450835723523796,0.34967602141186593,0.35493449083685874,0.35994857251018286,0.3650697970414162,0.37008469503223895,0.3745998991541564,0.3798564297838509,0.38494500129997733,0.3898724503216147,0.3950175523531437,0.399821327855587,0.4047940829357505,0.4099423482325673,0.4151751033295691,0.4199892869760096,0.42499367469787597,0.4301956133456528,0.4350839806210995,0.4401082661622763,0.44528857214301826,0.44991908212944864,0.45488663300722837,0.45985346946001054,0.465207754868418,0.4697281627565622,0.47500683593273163,0.48011581519007684,0.4849773455053568,0.49000550848990676,0.49500336530417205,0.5003099975642562]}