{"lattice_size":[12,12,12,12,12,12,12,12,12,12,12,12],"loss rate average":[0.0,0.009935833436446264,0.0200093058531452,0.03003916722952388,0.040060000871280206,0.050028056721249596,0.060100834753196684,0.07023986270183698,0.07997847391878254,0.08981944620253518,0.09998250177110546,0.11010569619339891,0.11999014056965708,0.12997389047765173,0.14028597363444978,0.15025305679453538,0.1598756954746414,0.1697922230442334,0.18015361174427905,0.19002916713275014,0.19986569476563484,0.21004791696013883,0.22004555582961066,0.2299681947209686,0.24000875034173952,0.25002708366628734,0.2599761115750298,0.26996902819819746,0.2799338893263042,0.2899402781466395,0.2997844446839392,0.30997958355918526,0.3200123612418771,0.33030097229771316,0.3400751389718056,0.3500187499896437,0.36015986107960346,0.3702275000309944,0.3801761112171412,0.3900313889783621,0.39987736128628254,0.410147222468853,0.42005472258105875,0.42973361166208984,0.4394501395608485,0.44952972302824257,0.4604402787436545,0.46996430667862293,0.4800266679906845,0.48992791813611986,0.4999050016336143,0.5100700016820431,0.5196445849080383,0.5299736125507951,0.5401761122575403,0.5499918064832687,0.5597120839503408,0.569807500423491,0.580161805715859,0.590006805511117,0.5995363888806104,0.6098748610010744,0.6201411111840606,0.6302386112764478,0.6399502779510617,0.6503191669252515,0.6598250003057718,0.6701695835399628,0.6801501388001442,0.6898756942617893,0.7003058329287172,0.7103419439554215,0.7199190272051096,0.7298247219544649,0.7398569443637133,0.7499762502306699,0.760112222789526,0.7698793063765764,0.7803716674053669,0.7899404173308611,0.8001277780359983,0.8100906940048933,0.8200345822542906,0.8298765261799097],"multiplexing":4,"num_error_happens":0,"num_photons":72,"num_qubits":288,"prob_e_vec":[0.0,0.009999999776482582,0.019999999552965164,0.029999999329447746,0.03999999910593033,0.05000000074505806,0.05999999865889549,0.07000000029802322,0.07999999821186066,0.09000000357627869,0.10000000149011612,0.10999999940395355,0.11999999731779099,0.12999999523162842,0.14000000059604645,0.15000000596046448,0.1599999964237213,0.17000000178813934,0.18000000715255737,0.1899999976158142,0.20000000298023224,0.20999999344348907,0.2199999988079071,0.23000000417232513,0.23999999463558197,0.25,0.25999999046325684,0.27000001072883606,0.2800000011920929,0.28999999165534973,0.30000001192092896,0.3100000023841858,0.3199999928474426,0.33000001311302185,0.3400000035762787,0.3499999940395355,0.36000001430511475,0.3700000047683716,0.3799999952316284,0.38999998569488525,0.4000000059604645,0.4099999964237213,0.41999998688697815,0.4300000071525574,0.4399999976158142,0.44999998807907104,0.46000000834465027,0.4699999988079071,0.47999998927116394,0.49000000953674316,0.5,0.5099999904632568,0.5199999809265137,0.5299999713897705,0.5400000214576721,0.550000011920929,0.5600000023841858,0.5699999928474426,0.5799999833106995,0.5899999737739563,0.6000000238418579,0.6100000143051147,0.6200000047683716,0.6299999952316284,0.6399999856948853,0.6499999761581421,0.6600000262260437,0.6700000166893005,0.6800000071525574,0.6899999976158142,0.699999988079071,0.7099999785423279,0.7200000286102295,0.7300000190734863,0.7400000095367432,0.75,0.7599999904632568,0.7699999809265137,0.7799999713897705,0.7900000214576721,0.800000011920929,0.8100000023841858,0.8199999928474426,0.8299999833106995],"qubit list for each photon":[[264,23,0,1],[268,3,4,5],[272,7,8,9],[276,11,12,13],[280,15,16,17],[284,19,20,21],[2,25,26,27],[6,29,30,31],[10,33,34,35],[14,37,38,39],[18,41,42,43],[22,45,46,47],[24,71,48,49],[28,51,52,53],[32,55,56,57],[36,59,60,61],[40,63,64,65],[44,67,68,69],[50,73,74,75],[54,77,78,79],[58,81,82,83],[62,85,86,87],[66,89,90,91],[70,93,94,95],[72,119,96,97],[76,99,100,101],[80,103,104,105],[84,107,108,109],[88,111,112,113],[92,115,116,117],[98,121,122,123],[102,125,126,127],[106,129,130,131],[110,133,134,135],[114,137,138,139],[118,141,142,143],[120,167,144,145],[124,147,148,149],[128,151,152,153],[132,155,156,157],[136,159,160,161],[140,163,164,165],[146,169,170,171],[150,173,174,175],[154,177,178,179],[158,181,182,183],[162,185,186,187],[166,189,190,191],[168,215,192,193],[172,195,196,197],[176,199,200,201],[180,203,204,205],[184,207,208,209],[188,211,212,213],[194,217,218,219],[198,221,222,223],[202,225,226,227],[206,229,230,231],[210,233,234,235],[214,237,238,239],[216,263,240,241],[220,243,244,245],[224,247,248,249],[228,251,252,253],[232,255,256,257],[236,259,260,261],[242,265,266,267],[246,269,270,271],[250,273,274,275],[254,277,278,279],[258,281,282,283],[262,285,286,287]],"strategy":7,"success_rate":[[100000,0],[100000,0],[100000,0],[100000,0],[100000,0],[100000,0],[100000,0],[100000,0],[100000,0],[99994,6],[99992,8],[99987,13],[99980,20],[99968,32],[99942,58],[99898,102],[99818,182],[99756,244],[99637,363],[99444,556],[99199,801],[98913,1087],[98444,1556],[97854,2146],[97212,2788],[96509,3491],[95457,4543],[94368,5632],[92798,7202],[91248,8752],[89486,10514],[87152,12848],[84835,15165],[82096,17904],[79564,20436],[76443,23557],[73182,26818],[69921,30079],[66646,33354],[63387,36613],[60435,39565],[56967,43033],[53724,46276],[50583,49417],[47706,52294],[45397,54603],[42028,57972],[39891,60109],[37667,62333],[35983,64017],[34216,65784],[32855,67145],[31424,68576],[30405,69595],[29172,70828],[28612,71388],[27928,72072],[27303,72697],[26671,73329],[26335,73665],[26298,73702],[25906,74094],[25583,74417],[25258,74742],[25262,74738],[25113,74887],[25251,74749],[25261,74739],[25041,74959],[25172,74828],[25000,75000],[25007,74993],[25242,74758],[24966,75034],[25049,74951],[25025,74975],[24849,75151],[25071,74929],[25024,74976],[24978,75022],[24933,75067],[25011,74989],[25013,74987],[24733,75267]],"time_fin":"20240618_184631","time_start":"20240618_142918","z error rate average":[0.0,0.004962708434069063,0.010013402985003778,0.015043125288181473,0.020058819779262414,0.025017326729688795,0.030020764216904063,0.035146701681870035,0.039956736368639396,0.044952777988000306,0.049961007118271665,0.05508986126127886,0.05997131957092788,0.06503052094278391,0.0701660070303874,0.07510378480654675,0.07995052092001541,0.08496913203143515,0.09012586815414252,0.09506069455889984,0.09990565984064248,0.10499250014960766,0.11003743070157244,0.11503739598765038,0.1199578126491094,0.12514444459423424,0.13003673626136034,0.13504430568650364,0.14001961819522082,0.14487118068933488,0.1498657639895566,0.15501458342108876,0.16000986117649824,0.16520892362065615,0.17000899307530373,0.17496968748833985,0.1800202430012077,0.18522628462083637,0.19005979154340924,0.1950892012154311,0.19992732617340983,0.20492531223013996,0.21002791636787355,0.21495954821765423,0.21977562456451358,0.22473350645437837,0.23018371471635998,0.23496308967284857,0.24003965213030576,0.24488652713991702,0.24996913129001855,0.2550247910100222,0.2598208326779306,0.2650027771928161,0.27021670082360505,0.27501038142725825,0.2797869787070155,0.28500927043691276,0.2900285065950453,0.2948561455257237,0.29980156223490834,0.3047709719969332,0.310061215094626,0.3152048956914246,0.32003777773499487,0.32522489577308294,0.32975496524453163,0.335025694424361,0.34012072915658353,0.3448995486295223,0.3500321527390182,0.3551702083012462,0.359988680576086,0.36490531252250075,0.3699828471773863,0.37510086801737547,0.37994461804643276,0.3849455555471778,0.3900114930602908,0.394985312499553,0.4000383333426714,0.4051076735946536,0.40996871529459955,0.4150172222340107]}