{"lattice_size":[10,10,10,10,10,10,10,10,10,10],"loss rate average":[0.0,0.010005999781675637,0.020013799625430255,0.029900399571470917,0.04002439960217103,0.05005049968631938,0.06010369980501011,0.06999839991491288,0.07997459997711703,0.08995189996859058,0.10003439993640408,0.11001859989956021,0.11990319990620017,0.12983319997461512,0.14000220012977718,0.1500561002102308,0.15991660031396895,0.16993160036057234,0.17989770027175545,0.1900414001750946,0.19994970002058893,0.2098202998816222,0.2198391997784376,0.22992139977950604,0.2398751998501271,0.2501620999904722,0.2599091001839936,0.2699748005128652,0.27997460075765845,0.28990910103283823,0.29982220129705967,0.3097786014241725,0.3200431014851481,0.3301744014427066,0.3400869012589753,0.3499958009885252,0.3602704006394744,0.3702598001678288,0.3799564997600019,0.38992239929541944,0.4002686989021301,0.41029979848086834,0.4198419982047379,0.43029439788207413,0.4401118976867199,0.4498919974672794,0.4602160973240435,0.47009769707754256,0.4803857969489694,0.4897727968144417,0.5000830967006087,0.5099500967341661,0.5201283967542648,0.5299162968665362,0.5402771970915794,0.5497074973365664,0.5598324975669384,0.5698141978874802,0.5795873981049657,0.5899604986602068,0.5998179990452528,0.6103366994148492,0.6201008997938037,0.6298813001048565,0.6401048006007075,0.6498623008745908,0.6600989011660219,0.6698962015900016,0.6798366017442942,0.689955901748538,0.7002244017904997,0.7100046017545462,0.7199703013801575,0.7298935010790825,0.739983700543642,0.7501355999082326,0.7600413992780447,0.7701800986075401,0.7799999982923269,0.7901380980622769,0.7999057978916169,0.8099595978528261,0.819866298123002,0.8297344983732701,0.8398349987256527,0.8498765990769863,0.8599205994814634,0.8701496996921301,0.880125700173378,0.8899979005730152,0.9000314011085033,0.9099223015975952,0.9198064019221067,0.9300777018553018,0.9401313015544415,0.950019901854992,0.9600097038418055,0.9699989076006412,0.9800322106653452,0.9900019084209204,1.0],"multiplexing":2,"num_error_happens":0,"num_photons":100,"num_qubits":200,"prob_e_vec":[0.0,0.009999999776482582,0.019999999552965164,0.029999999329447746,0.03999999910593033,0.05000000074505806,0.05999999865889549,0.07000000029802322,0.07999999821186066,0.09000000357627869,0.10000000149011612,0.10999999940395355,0.11999999731779099,0.12999999523162842,0.14000000059604645,0.15000000596046448,0.1599999964237213,0.17000000178813934,0.18000000715255737,0.1899999976158142,0.20000000298023224,0.20999999344348907,0.2199999988079071,0.23000000417232513,0.23999999463558197,0.25,0.25999999046325684,0.27000001072883606,0.2800000011920929,0.28999999165534973,0.30000001192092896,0.3100000023841858,0.3199999928474426,0.33000001311302185,0.3400000035762787,0.3499999940395355,0.36000001430511475,0.3700000047683716,0.3799999952316284,0.38999998569488525,0.4000000059604645,0.4099999964237213,0.41999998688697815,0.4300000071525574,0.4399999976158142,0.44999998807907104,0.46000000834465027,0.4699999988079071,0.47999998927116394,0.49000000953674316,0.5,0.5099999904632568,0.5199999809265137,0.5299999713897705,0.5400000214576721,0.550000011920929,0.5600000023841858,0.5699999928474426,0.5799999833106995,0.5899999737739563,0.6000000238418579,0.6100000143051147,0.6200000047683716,0.6299999952316284,0.6399999856948853,0.6499999761581421,0.6600000262260437,0.6700000166893005,0.6800000071525574,0.6899999976158142,0.699999988079071,0.7099999785423279,0.7200000286102295,0.7300000190734863,0.7400000095367432,0.75,0.7599999904632568,0.7699999809265137,0.7799999713897705,0.7900000214576721,0.800000011920929,0.8100000023841858,0.8199999928474426,0.8299999833106995,0.8399999737739563,0.8500000238418579,0.8600000143051147,0.8700000047683716,0.8799999952316284,0.8899999856948853,0.8999999761581421,0.9100000262260437,0.9200000166893005,0.9300000071525574,0.9399999976158142,0.949999988079071,0.9599999785423279,0.9700000286102295,0.9800000190734863,0.9900000095367432,1.0],"qubit list for each photon":[[178,48],[4,143],[173,14],[192,50],[134,16],[63,64],[17,133],[44,182],[2,170],[169,99],[68,198],[43,158],[127,145],[27,0],[121,72],[125,19],[74,51],[130,123],[65,194],[7,5],[120,131],[23,15],[166,172],[149,57],[82,54],[40,150],[126,164],[95,190],[181,38],[180,89],[86,152],[136,132],[106,87],[157,88],[104,116],[114,163],[6,71],[92,83],[165,147],[156,28],[96,37],[41,25],[39,84],[103,191],[8,174],[90,141],[108,162],[94,110],[52,196],[76,105],[155,11],[146,186],[67,118],[31,80],[9,142],[128,79],[58,49],[46,56],[140,61],[122,13],[45,34],[139,101],[161,77],[59,189],[171,168],[176,73],[21,115],[18,36],[10,188],[135,113],[197,85],[78,3],[20,183],[26,193],[107,159],[112,98],[148,62],[22,66],[124,100],[81,47],[102,70],[119,129],[144,153],[33,30],[24,69],[195,175],[29,42],[1,53],[111,35],[75,179],[187,32],[93,117],[60,185],[91,12],[184,138],[177,151],[109,137],[167,160],[154,97],[55,199]],"strategy":1,"success_rate":[[100000,0],[100000,0],[100000,0],[100000,0],[100000,0],[100000,0],[100000,0],[100000,0],[100000,0],[100000,0],[100000,0],[100000,0],[100000,0],[100000,0],[100000,0],[100000,0],[100000,0],[100000,0],[100000,0],[100000,0],[99997,3],[99994,6],[99994,6],[99987,13],[99978,22],[99962,38],[99940,60],[99898,102],[99873,127],[99755,245],[99669,331],[99496,504],[99208,792],[98993,1007],[98515,1485],[97932,2068],[97300,2700],[96395,3605],[95131,4869],[93736,6264],[91916,8084],[89857,10143],[87616,12384],[84722,15278],[81649,18351],[78278,21722],[74446,25554],[70566,29434],[66456,33544],[62350,37650],[58416,41584],[54428,45572],[50644,49356],[46746,53254],[43361,56639],[40445,59555],[37704,62296],[35084,64916],[33367,66633],[31349,68651],[30097,69903],[28710,71290],[27834,72166],[26956,73044],[26300,73700],[25965,74035],[25885,74115],[25583,74417],[25397,74603],[25487,74513],[25057,74943],[25230,74770],[25019,74981],[24641,75359],[25125,74875],[24948,75052],[25137,74863],[24999,75001],[25005,74995],[25208,74792],[24971,75029],[24901,75099],[24928,75072],[25053,74947],[24983,75017],[24938,75062],[25048,74952],[25234,74766],[25089,74911],[24891,75109],[25036,74964],[25378,74622],[24932,75068],[24899,75101],[25017,74983],[24854,75146],[24916,75084],[24985,75015],[24935,75065],[25157,74843],[25046,74954]],"time_fin":"20240618_180102","time_start":"20240618_142917",