{"lattice_size":[18,18,18,18,18,18,18,18,18,18,18,18,18,18,18,18,18,18],"loss rate average":[0.0,0.010040555630363523,0.020011851999424398,0.029991234762854875,0.03994216064218432,0.049970123395994305,0.0600090119631961,0.06994438202686608,0.08014148056995124,0.08997956683654339,0.09999055441953242,0.11002073957592248,0.12001536925431341,0.12997450510594993,0.14009240643322468,0.14991036950394512,0.1599374066459015,0.17004154254507273,0.17992598708644508,0.19009888836413621,0.20000777726329863,0.20982950562916697,0.2200481475904584,0.23003043144822122,0.23996234504371883,0.24996913521170616,0.25978691308133306,0.2699219132374227,0.2798719751794636,0.29005000003427267,0.30001345696508885,0.30997592623338105,0.32006611160308124,0.3301112351305783,0.3398790129673481,0.35002580321639776,0.3601216674870253,0.3697124083097279],"multiplexing":4,"num_error_happens":0,"num_photons":162,"num_qubits":648,"prob_e_vec":[0.0,0.009999999776482582,0.019999999552965164,0.029999999329447746,0.03999999910593033,0.05000000074505806,0.05999999865889549,0.07000000029802322,0.07999999821186066,0.09000000357627869,0.10000000149011612,0.10999999940395355,0.11999999731779099,0.12999999523162842,0.14000000059604645,0.15000000596046448,0.1599999964237213,0.17000000178813934,0.18000000715255737,0.1899999976158142,0.20000000298023224,0.20999999344348907,0.2199999988079071,0.23000000417232513,0.23999999463558197,0.25,0.25999999046325684,0.27000001072883606,0.2800000011920929,0.28999999165534973,0.30000001192092896,0.3100000023841858,0.3199999928474426,0.33000001311302185,0.3400000035762787,0.3499999940395355,0.36000001430511475,0.3700000047683716],"qubit list for each photon":[[500,382,86,291],[383,393,352,298],[261,277,380,601],[325,236,376,120],[158,528,608,441],[56,146,96,591],[369,117,524,323],[207,213,384,92],[44,273,169,424],[420,197,462,584],[620,604,578,588],[24,226,589,506],[20,474,613,477],[115,221,189,67],[546,374,251,218],[326,621,494,5],[491,60,54,525],[223,495,97,368],[76,557,569,167],[48,268,229,632],[234,389,496,622],[159,469,314,396],[114,184,15,310],[479,581,32,181],[445,238,260,576],[611,413,51,240],[387,558,176,602],[598,239,230,647],[257,423,564,113],[428,282,391,178],[372,400,316,203],[142,202,463,342],[568,574,439,231],[37,582,4,322],[329,98,363,562],[133,454,306,436],[271,548,70,205],[415,119,71,355],[426,356,262,217],[340,61,129,646],[411,160,17,65],[417,512,466,371],[347,502,274,440],[447,404,433,635],[482,75,185,289],[498,256,360,276],[110,3,58,416],[537,552,596,134],[612,183,311,470],[123,78,464,107],[473,365,617,33],[81,244,25,212],[320,499,219,321],[295,296,489,361],[100,513,443,63],[196,375,91,174],[157,209,517,572],[590,83,545,200],[554,481,154,456],[246,381,410,535],[294,561,220,144],[544,317,337,163],[28,135,62,38],[287,392,570,419],[156,50,333,592],[409,46,429,471],[448,615,580,625],[335,18,583,338],[237,550,263,308],[344,2,216,22],[343,190,542,402],[79,549,182,637],[249,34,315,148],[531,508,427,645],[241,214,305,232],[370,459,206,64],[388,279,150,450],[222,607,30,255],[414,280,313,327],[104,126,199,170],[521,405,324,130],[354,161,108,52],[533,105,6,101],[330,573,112,188],[88,418,438,109],[89,349,177,272],[600,522,43,539],[39,586,245,399],[467,516,7,351],[346,116,468,191],[149,510,95,478],[486,357,328,638],[235,27,309,66],[253,532,587,103],[128,377,563,484],[526,507,204,137],[106,640,299,285],[514,242,74,10],[11,87,286,629],[556,147,180,151],[201,538,35,281],[172,36,186,297],[53,565,258,227],[336,421,366,85],[259,132,453,559],[594,639,270,293],[307,599,165,47],[0,476,614,350],[211,248,444,193],[364,401,540,472],[488,353,511,168],[618,480,460,29],[68,139,597,504],[358,14,166,195],[252,527,31,530],[503,553,49,475],[42,457,155,408],[523,644,434,198],[505,634,99,452],[125,341,483,73],[173,641,243,446],[397,643,57,264],[425,9,636,254],[187,194,192,390],[551,111,90,493],[278,12,23,284],[334,225,312,642],[492,627,518,520],[275,465,398,435],[228,609,373,145],[19,575,455,385],[412,80,359,378],[121,501,624,26],[497,208,529,541],[603,331,1,567],[422,162,16,407],[290,339,577,250],[131,536,21,345],[485,82,318,118],[94,319,394,175],[348,210,267,292],[386,487,124,127],[153,631,430,431],[451,164,555,59],[626,605,300,362],[547,102,461,55],[45,266,143,41],[265,616,304,395],[571,8,179,69],[595,515,301,72],[303,633,215,122],[13,560,84,288],[432,140,247,442],[619,606,437,283],[138,403,534,623],[458,406,543,585],[593,367,40,136],[77,449,579,141],[233,302,171,379],[566,93,152,519],[509,332,490,224],[269,630,610,628]],"strategy":1,"success_rate":[[100000,0],[100000,0],[100000,0],[100000,0],[100000,0],[100000,0],[100000,0],[100000,0],[100000,0],[100000,0],[100000,0],[100000,0],[100000,0],[100000,0],[100000,0],[100000,0],[100000,0],[100000,0],[100000,0],[100000,0],[100000,0],[100000,0],[100000,0],[100000,0],[100000,0],[100000,0],[99998,2],[100000,0],[100000,0],[99998,2],[99985,15],[99971,29],[99956,44],[99916,84],[99869,131],[99713,287],[99510,490],[99339,661]],"time_fin":"20240624_135709","time_start":"20240624_132038","z error rate average":[0.0,0.005023595705451443,0.010019212951650843,0.01501436718698591,0.019971326982714237,0.025007422611815856,0.030012515193307773,0.034990802243063224,0.040039891774300486,0.04499333315443248,0.049986234410787,0.055010262214140966,0.060013364099124444,0.06498754623962566,0.07007316357278265,0.07494870374434627,0.07993439821889624,0.08504975320536644,0.08993033965591342,0.09507649704573676,0.10000320997331291,0.10491566364467143,0.11005257716096938,0.11506095672067254,0.11995024674851447,0.12498895037729293,0.1299263268694654,0.1349226076763496,0.13995330214738846,0.14507844104815273,0.14996121885180475,0.15494432074315845,0.1600174689181149,0.16504205229245125,0.16995828692391515,0.1750495986481011,0.1801617900737375,0.18485473764538765]}