{"lattice_size":[10,10,10,10,10,10,10,10,10,10],"loss rate average":[0.0,0.009989999777264892,0.019885199565440416,0.029917199383862315,0.04001479924637824,0.0501199991665408,0.06000939913306385,0.07011499914627523,0.08001339919626713,0.09030539928074927,0.1000043993679434,0.10984359947603196,0.12004819960918278,0.12976199973553418,0.14001279985666276,0.15006999995265155,0.1599691999779269,0.1701136000179872,0.18008659999839963,0.1897509999325499,0.20010219981458038,0.21000499978307635,0.21990979971267283,0.2301207997116074,0.23992859971962868,0.25021499977059664,0.26002539986789225,0.2698878000431135,0.27976860021851957,0.29001760040368885,0.29968320056345316,0.3101966007562354,0.3203984008079022,0.33020860091704873,0.3398572009162605,0.3498560008526221,0.3597666008193791,0.36994520065143705,0.3799500004182756,0.3900802001963556,0.400025199938789,0.4100959997343272,0.41980739951081575,0.43019359925091266,0.43981639909535647,0.4501805990537256,0.4596539989887178,0.46984579889804123,0.47997519901618363,0.48983159918919206,0.4997197993803024,0.5100397996257245,0.5199927999679744,0.5296248003441095,0.540030400723219,0.5502012011767924,0.5598838016356528,0.5701310021035373,0.5800274025216698,0.5896500030076504,0.6001172033208608,0.6098910037705302,0.62008580416888,0.6298216043224931,0.6398982044804096,0.6498844046255946,0.6600188047719002,0.6696256045559049,0.6797396045646071,0.6899414041060209,0.6997420036420227,0.7100696030819416,0.7197878024080395,0.7301814015167951,0.7401858007130027,0.7501285998499393,0.7599275988304615,0.7699287978452444,0.779802197009921,0.7900135962378979,0.7998497956013679,0.810009595067501,0.8201341947072744,0.829747394553423,0.8397487944501638,0.8498621945732832,0.8600183946692943,0.8698669949954748,0.8802953953117132,0.8899971956908703,0.9001571960204839,0.9096223963356018,0.9198311967498064,0.9301021971905231,0.9399563976764679,0.9498577984356881,0.9601297994923592,0.9700916011852025,0.9801240031385422,0.9899030042153597,1.0],"multiplexing":4,"num_error_happens":0,"num_photons":50,"num_qubits":200,"prob_e_vec":[0.0,0.009999999776482582,0.019999999552965164,0.029999999329447746,0.03999999910593033,0.05000000074505806,0.05999999865889549,0.07000000029802322,0.07999999821186066,0.09000000357627869,0.10000000149011612,0.10999999940395355,0.11999999731779099,0.12999999523162842,0.14000000059604645,0.15000000596046448,0.1599999964237213,0.17000000178813934,0.18000000715255737,0.1899999976158142,0.20000000298023224,0.20999999344348907,0.2199999988079071,0.23000000417232513,0.23999999463558197,0.25,0.25999999046325684,0.27000001072883606,0.2800000011920929,0.28999999165534973,0.30000001192092896,0.3100000023841858,0.3199999928474426,0.33000001311302185,0.3400000035762787,0.3499999940395355,0.36000001430511475,0.3700000047683716,0.3799999952316284,0.38999998569488525,0.4000000059604645,0.4099999964237213,0.41999998688697815,0.4300000071525574,0.4399999976158142,0.44999998807907104,0.46000000834465027,0.4699999988079071,0.47999998927116394,0.49000000953674316,0.5,0.5099999904632568,0.5199999809265137,0.5299999713897705,0.5400000214576721,0.550000011920929,0.5600000023841858,0.5699999928474426,0.5799999833106995,0.5899999737739563,0.6000000238418579,0.6100000143051147,0.6200000047683716,0.6299999952316284,0.6399999856948853,0.6499999761581421,0.6600000262260437,0.6700000166893005,0.6800000071525574,0.6899999976158142,0.699999988079071,0.7099999785423279,0.7200000286102295,0.7300000190734863,0.7400000095367432,0.75,0.7599999904632568,0.7699999809265137,0.7799999713897705,0.7900000214576721,0.800000011920929,0.8100000023841858,0.8199999928474426,0.8299999833106995,0.8399999737739563,0.8500000238418579,0.8600000143051147,0.8700000047683716,0.8799999952316284,0.8899999856948853,0.8999999761581421,0.9100000262260437,0.9200000166893005,0.9300000071525574,0.9399999976158142,0.949999988079071,0.9599999785423279,0.9700000286102295,0.9800000190734863,0.9900000095367432,1.0],"qubit list for each photon":[[149,109,37,91],[38,51,112,7],[140,111,137,40],[54,16,183,10],[172,147,26,115],[123,177,13,182],[45,170,154,192],[97,104,60,12],[47,49,126,4],[32,163,180,82],[87,36,190,30],[68,20,56,133],[75,99,71,72],[14,58,160,146],[59,162,185,77],[15,46,29,93],[174,102,114,117],[64,159,83,136],[116,52,66,127],[80,42,19,89],[187,171,175,18],[31,35,164,62],[78,95,120,88],[79,118,157,155],[197,161,105,65],[107,84,85,21],[90,76,122,169],[148,50,41,23],[100,125,199,131],[101,48,67,167],[181,186,138,108],[145,141,17,129],[113,173,22,55],[152,5,128,158],[8,132,153,33],[178,150,61,130],[142,6,144,106],[195,196,198,156],[165,2,74,81],[179,194,184,110],[135,39,69,34],[1,44,92,24],[27,96,134,121],[63,73,189,193],[103,168,139,151],[70,166,3,188],[43,28,119,143],[9,57,191,11],[98,53,25,176],[86,94,124,0]],"strategy":1,"success_rate":[[100000,0],[100000,0],[100000,0],[100000,0],[100000,0],[100000,0],[100000,0],[100000,0],[100000,0],[100000,0],[100000,0],[100000,0],[100000,0],[100000,0],[99999,1],[100000,0],[99994,6],[99998,2],[99983,17],[99982,18],[99980,20],[99962,38],[99936,64],[99893,107],[99860,140],[99777,223],[99673,327],[99573,427],[99357,643],[99202,798],[98815,1185],[98402,1598],[97915,2085],[97275,2725],[96486,3514],[95552,4448],[94441,5559],[93140,6860],[91582,8418],[89760,10240],[87729,12271],[85592,14408],[83018,16982],[80279,19721],[77450,22550],[74601,25399],[71454,28546],[68053,31947],[64839,35161],[61388,38612],[58117,41883],[54681,45319],[51538,48462],[48725,51275],[45514,54486],[42539,57461],[40295,59705],[38050,61950],[36007,63993],[34000,66000],[32812,67188],[31250,68750],[29892,70108],[29026,70974],[28264,71736],[27616,72384],[26970,73030],[26274,73726],[25672,74328],[25806,74194],[25350,74650],[25413,74587],[25307,74693],[25598,74402],[25342,74658],[25133,74867],[24997,75003],[24902,75098],[25014,74986],[25130,74870],[25274,74726],[25145,74855],[25098,74902],[24900,75100],[24859,75141],[25043,74957],[25011,74989],[24917,75083],[24826,75174],[25137,74863],[24975,75025],[25159,74841],[24969,75031],[24802,75198],[25012,74988],[25005,74995],[24925,75075],[24947,75053],[24890,75110],[25098,74902],[25047,74953]],"time_fin":"20240620_195352","time_start":"20240620_163552",