{"lattice_size":[12,12,12,12,12,12,12,12,12,12,12,12],"loss rate average":[0.0,0.009997916770884767,0.020093750297306104,0.03007291722940281,0.039915556421699,0.050012223385926334,0.05999166807834059,0.07000791825491004,0.07994027947819791,0.0900527795185428,0.10007764065069147,0.10977847396608442,0.11987305723105557,0.1300147238023579,0.14016889031303115,0.1501295845898241,0.15994847325292416,0.16990527859898283,0.1800300006245449,0.18963180601865984,0.20009222252857872,0.2100190280474443,0.21978958361465484,0.22959944470051677,0.24016152808707208,0.2500212503350154,0.2599659726486541,0.2700595837274194,0.28022958377726376,0.289832639272064,0.29980569473095237,0.3099286113771051,0.3200623612329364,0.3300686112037301,0.33977208337232473,0.3501623611266911,0.3598801389207691,0.3700290278315544,0.37970736120164394,0.3900679168070853,0.4004384724795818,0.41006097250416873,0.4196801392775774,0.42997763940766454,0.44008777836725116,0.4499111118967831,0.4601451398910582,0.47037652898803356,0.48014291801303627,0.4899708348213136,0.5001783349077403,0.5099497238442302,0.5196847237804532,0.5297054180717469,0.5397856956467032,0.5496944453811645,0.5600675006261467,0.5700140280357003,0.5800006945192814,0.5900118056082726,0.599990694348514,0.6101129167178273,0.6198625000178813,0.6301258335530758,0.6401748614060879,0.650148750384748,0.660318889246285,0.6699754169094563,0.6801494444698095,0.690107360946536,0.7000520828700065,0.7098912495809794,0.7199729161125421,0.7298047219395638,0.7399102776730061,0.7500222224897146,0.7598769450932741,0.7700727786684036,0.7799313897585869,0.789887361702323,0.8000616669601202,0.8100143052041531,0.8198706933963299,0.8298855539673566,0.8400998592340946,0.8497755538964271,0.8598686102300882,0.8700588891494274,0.8799172239774465,0.8898726421093941,0.899966254171729,0.9099677820581198,0.9198016698372364,0.9299412507605552,0.9401591638731956,0.9500836046546698,0.9599763794761896,0.9700470728939772,0.9800213802558184,0.9900483286398649,1.0],"multiplexing":4,"num_error_happens":0,"num_photons":72,"num_qubits":288,"prob_e_vec":[0.0,0.009999999776482582,0.019999999552965164,0.029999999329447746,0.03999999910593033,0.05000000074505806,0.05999999865889549,0.07000000029802322,0.07999999821186066,0.09000000357627869,0.10000000149011612,0.10999999940395355,0.11999999731779099,0.12999999523162842,0.14000000059604645,0.15000000596046448,0.1599999964237213,0.17000000178813934,0.18000000715255737,0.1899999976158142,0.20000000298023224,0.20999999344348907,0.2199999988079071,0.23000000417232513,0.23999999463558197,0.25,0.25999999046325684,0.27000001072883606,0.2800000011920929,0.28999999165534973,0.30000001192092896,0.3100000023841858,0.3199999928474426,0.33000001311302185,0.3400000035762787,0.3499999940395355,0.36000001430511475,0.3700000047683716,0.3799999952316284,0.38999998569488525,0.4000000059604645,0.4099999964237213,0.41999998688697815,0.4300000071525574,0.4399999976158142,0.44999998807907104,0.46000000834465027,0.4699999988079071,0.47999998927116394,0.49000000953674316,0.5,0.5099999904632568,0.5199999809265137,0.5299999713897705,0.5400000214576721,0.550000011920929,0.5600000023841858,0.5699999928474426,0.5799999833106995,0.5899999737739563,0.6000000238418579,0.6100000143051147,0.6200000047683716,0.6299999952316284,0.6399999856948853,0.6499999761581421,0.6600000262260437,0.6700000166893005,0.6800000071525574,0.6899999976158142,0.699999988079071,0.7099999785423279,0.7200000286102295,0.7300000190734863,0.7400000095367432,0.75,0.7599999904632568,0.7699999809265137,0.7799999713897705,0.7900000214576721,0.800000011920929,0.8100000023841858,0.8199999928474426,0.8299999833106995,0.8399999737739563,0.8500000238418579,0.8600000143051147,0.8700000047683716,0.8799999952316284,0.8899999856948853,0.8999999761581421,0.9100000262260437,0.9200000166893005,0.9300000071525574,0.9399999976158142,0.949999988079071,0.9599999785423279,0.9700000286102295,0.9800000190734863,0.9900000095367432,1.0],"qubit list for each photon":[[118,189,26,235],[270,168,261,17],[64,167,103,223],[23,153,122,13],[210,232,183,174],[34,164,127,52],[77,63,162,251],[203,195,116,163],[243,264,148,128],[133,110,25,115],[80,185,123,200],[117,208,191,106],[27,280,72,71],[79,204,258,90],[138,254,28,221],[149,24,66,225],[152,125,131,173],[268,165,212,178],[156,260,18,170],[282,250,278,4],[252,119,202,209],[182,197,45,134],[32,179,199,14],[171,70,35,84],[36,269,59,181],[248,230,99,218],[37,259,157,239],[121,111,249,8],[102,151,81,172],[177,205,94,98],[211,135,33,57],[190,132,12,287],[41,186,262,176],[242,246,82,49],[228,222,42,92],[48,236,247,93],[238,50,257,234],[113,207,43,245],[120,69,58,266],[143,30,104,237],[192,9,276,47],[150,255,240,78],[51,141,147,220],[279,53,5,129],[10,271,233,108],[20,40,277,273],[213,100,74,88],[61,97,56,65],[67,130,206,216],[68,31,272,201],[226,160,62,198],[109,73,86,21],[85,224,187,169],[154,87,101,196],[180,219,267,89],[275,126,6,231],[95,263,19,184],[105,16,274,7],[22,188,46,265],[142,146,136,114],[139,137,144,244],[161,124,241,159],[155,75,11,215],[55,229,256,15],[194,54,217,253],[39,91,0,284],[285,286,38,158],[3,60,145,175],[96,112,107,1],[281,83,44,29],[227,283,193,140],[166,76,2,214]],"strategy":1,"success_rate":[[100000,0],[100000,0],[100000,0],[100000,0],[100000,0],[100000,0],[100000,0],[100000,0],[100000,0],[100000,0],[100000,0],[100000,0],[100000,0],[100000,0],[99999,1],[100000,0],[100000,0],[100000,0],[99999,1],[99999,1],[99996,4],[99996,4],[99996,4],[99981,19],[99976,24],[99953,47],[99941,59],[99912,88],[99830,170],[99753,247],[99619,381],[99489,511],[99151,849],[98857,1143],[98373,1627],[97818,2182],[97039,2961],[96027,3973],[94924,5076],[93360,6640],[91528,8472],[89661,10339],[87200,12800],[84476,15524],[81621,18379],[78129,21871],[74577,25423],[70854,29146],[66823,33177],[62818,37182],[58740,41260],[55031,44969],[51522,48478],[47848,52152],[44592,55408],[41282,58718],[38634,61366],[35911,64089],[33661,66339],[32113,67887],[30579,69421],[29231,70769],[28289,71711],[27548,72452],[26667,73333],[26097,73903],[25921,74079],[25784,74216],[25702,74298],[25357,74643],[25143,74857],[25246,74754],[24954,75046],[25106,74894],[25007,74993],[25056,74944],[24806,75194],[24894,75106],[25015,74985],[24888,75112],[25015,74985],[24999,75001],[25133,74867],[25048,74952],[25103,74897],[25270,74730],[25060,74940],[25109,74891],[25080,74920],[25094,74906],[25082,74918],[24939,75061],[25003,74997],[24637,75363],[25113,74887],[25080,74920],[25005,74995],[25102,74898],[25097,74903],[25184,74816],[24875,75125]],"time_fin":"20240621_001413","time_start":"20240620_163553",