{"lattice_size":[20,20,20,20,20,20,20,20,20,20,20,20,20,20,20,20,20,20,20,20],"loss rate average":[0.0,0.009958099782764912,0.019996999627910555,0.030032699571698903,0.03992909960208461,0.04999259968081489,0.05999099980035797,0.07001519991425798,0.08005889997882769,0.0899059999707155,0.10000019992651418,0.10992369990460575,0.12011249991355463,0.13018159999350085,0.13985960011402146,0.14985630022687838,0.159747100337483,0.16996910029713064,0.18010140028771013,0.19001710017155857,0.20006430001989006,0.20993299990274011,0.21988259979978203,0.2300145997389406,0.24017479986898602,0.25017889997959136,0.25989580018937586],"multiplexing":8,"num_error_happens":0,"num_photons":100,"num_qubits":800,"prob_e_vec":[0.0,0.009999999776482582,0.019999999552965164,0.029999999329447746,0.03999999910593033,0.05000000074505806,0.05999999865889549,0.07000000029802322,0.07999999821186066,0.09000000357627869,0.10000000149011612,0.10999999940395355,0.11999999731779099,0.12999999523162842,0.14000000059604645,0.15000000596046448,0.1599999964237213,0.17000000178813934,0.18000000715255737,0.1899999976158142,0.20000000298023224,0.20999999344348907,0.2199999988079071,0.23000000417232513,0.23999999463558197,0.25,0.25999999046325684],"qubit list for each photon":[[88,701,583,550,619,3,318,781],[605,609,9,415,251,329,666,475],[577,189,125,399,233,441,240,448],[280,555,490,101,206,26,372,467],[325,767,208,270,166,722,348,667],[92,250,357,428,486,545,632,756],[143,416,788,481,310,303,480,51],[648,682,172,751,31,432,377,689],[584,83,16,394,447,187,450,442],[192,529,663,624,426,106,479,763],[183,369,546,725,132,397,746,390],[167,96,200,508,229,207,461,209],[282,708,706,301,328,7,158,24],[414,567,501,236,620,59,194,253],[255,227,204,216,286,440,709,321],[102,89,316,793,764,258,90,319],[140,421,362,0,175,118,660,224],[457,568,602,595,575,576,631,766],[226,645,449,472,742,517,607,256],[298,773,107,748,330,478,429,225],[713,313,674,218,610,260,17,723],[12,332,95,170,600,601,219,308],[85,430,544,495,296,19,502,152],[672,462,370,454,739,498,541,126],[113,547,650,484,73,309,403,411],[385,368,410,569,61,587,552,14],[649,66,760,353,518,483,297,45],[570,292,108,49,173,556,406,630],[438,720,719,504,99,402,669,120],[459,111,762,53,469,439,44,149],[13,511,62,376,710,307,56,15],[247,23,202,67,488,696,794,52],[137,314,658,434,532,191,331,181],[657,196,515,35,496,317,409,48],[119,688,237,455,617,789,289,782],[754,290,276,795,345,603,40,381],[93,74,413,396,130,509,777,294],[730,590,736,524,783,71,64,65],[174,513,340,599,582,383,138,727],[679,84,673,141,199,169,164,302],[690,647,288,557,726,155,562,452],[749,797,714,634,662,148,10,393],[629,33,359,136,299,193,743,523],[427,639,492,115,482,117,779,242],[228,91,1,127,596,772,39,156],[466,344,745,274,670,522,765,25],[50,238,721,150,259,433,77,182],[122,87,300,123,565,235,110,419],[559,711,347,407,354,373,686,728],[704,60,612,176,579,473,69,437],[198,380,463,646,424,21,530,551],[367,267,497,510,585,201,425,750],[661,431,346,698,205,715,179,477],[304,778,637,165,519,358,68,758],[374,34,104,109,395,543,63,171],[386,305,279,697,355,418,494,134],[591,627,675,338,30,213,458,401],[535,435,589,628,230,642,734,210],[291,718,363,538,97,398,342,474],[485,82,693,412,616,239,664,54],[640,564,420,32,22,220,400,470],[203,284,615,190,561,741,691,275],[249,521,163,4,776,27,146,295],[516,731,241,625,335,243,365,8],[79,653,223,549,124,733,142,112],[36,147,635,135,531,443,160,790],[281,536,264,665,533,221,178,11],[261,500,436,608,717,581,692,86],[212,18,272,768,677,685,774,144],[360,678,352,283,573,560,404,341],[594,604,659,323,707,644,540,37],[471,732,613,700,55,177,157,771],[456,2,382,94,129,705,553,747],[114,656,507,162,252,588,326,232],[312,676,687,580,633,392,343,145],[371,81,41,248,744,168,350,43],[534,695,389,356,611,491,217,153],[757,231,787,139,769,566,702,154],[351,542,72,76,262,361,460,671],[598,737,215,684,121,592,417,525],[476,28,57,796,388,405,287,578],[505,336,759,278,188,465,654,735],[180,445,254,271,58,453,222,315],[563,514,234,334,499,799,638,586],[378,527,539,753,699,683,293,785],[333,512,621,257,98,384,100,285],[70,761,245,269,197,185,487,636],[606,574,464,681,738,46,655,668],[244,775,375,379,694,780,716,572],[651,116,422,29,339,349,211,791],[80,103,755,537,151,680,322,503],[277,444,105,366,266,391,75,468],[729,214,593,597,643,387,184,186],[131,489,408,38,327,42,641,548],[493,770,571,623,554,6,740,423],[195,724,273,626,558,246,520,159],[652,311,526,324,265,786,703,446],[5,268,263,622,337,614,306,128],[506,133,618,528,20,712,792,752],[47,161,78,784,320,364,451,798]],"strategy":1,"success_rate":[[100000,0],[100000,0],[100000,0],[100000,0],[100000,0],[100000,0],[100000,0],[100000,0],[100000,0],[100000,0],[100000,0],[100000,0],[100000,0],[100000,0],[100000,0],[100000,0],[100000,0],[100000,0],[100000,0],[100000,0],[100000,0],[100000,0],[100000,0],[100000,0],[99998,2],[99999,1],[100000,0]],"time_fin":"20240624_133733","time_start":"20240624_132035","z error rate average":[0.0,0.004969799983045086,0.010003362490106374,0.015006912501216866,0.019944312511419413,0.025013587523784953,0.029996912521671037,0.035001287508874664,0.04002451248100726,0.04497628744545858,0.05002257490478223,0.05496164987254655,0.06002162484708941,0.06508987484273501,0.06994034985071514,0.07495107487556757,0.07985156239143573,0.08498694990592078,0.09004239991726354,0.09504099991858006,0.10001043741839007,0.1049942373933643,0.10989916239600629,0.11499912488445639,0.12011681237805635,0.12513347487740217,0.1299798373736441]}