{"lattice_size":[12,12,12,12,12,12,12,12,12,12,12,12],"loss rate average":[0.0,0.010032361215483397,0.020105555855305865,0.029971250562565402,0.03992055642037652,0.05004430672232993,0.059925834740856665,0.06996708492186852,0.0799220850360021,0.0900681961929053,0.09997791843218728,0.1097044461878296,0.11986930723943748,0.12993764046543277,0.14002611252897418,0.15043361235023475,0.16000555658376775,0.1699827785833925,0.17986027841399424,0.18985402823000214,0.20027486143894493,0.20984208362601697,0.22022527804151176,0.22996069473423064,0.2401455559083447,0.2501425003510714,0.25963486153032633,0.27011472257252783,0.27979944483406843,0.2901422225596756,0.2996668058482558,0.3100698613316566,0.3200031945922971,0.3301781945101917,0.34026527780011295,0.3499277778169513,0.3603095833337307,0.3701170833939314,0.3799505556488782,0.3897504167790711,0.39972222245439887,0.40964902809783815,0.42003444483712316,0.43004166717231274,0.43963527847275136,0.45004958413511514,0.4600808342680335,0.4700537511734664,0.4799479180200398,0.4900972237163782,0.49973194601178167,0.509869029481411,0.5200384737858176,0.5300304180529714,0.540095834530294,0.550196389708817,0.5600127785140276,0.5697923614296317,0.5800398611912131,0.58981472214818,0.599809722071588,0.6101455555236339,0.6199352778026461,0.6301583335873484,0.639954305921197,0.6498634724697471,0.6600819447472691,0.6702384724792838,0.680061805549562,0.6898555553442239,0.7001629162970185,0.7100923606103658,0.7198348604941368,0.7298929162919522,0.740015972108841,0.7501004169976712,0.7598937505358457,0.7698738897770643,0.7799608342260123,0.7901559729510546,0.7998359724777937,0.8097262496691943,0.8199505544924736,0.8301336095547676,0.8397038869810104,0.8499913872933388,0.8601324991005659,0.8700887503278255,0.8800950016582012,0.8898559753596783],"multiplexing":4,"num_error_happens":0,"num_photons":72,"num_qubits":288,"prob_e_vec":[0.0,0.009999999776482582,0.019999999552965164,0.029999999329447746,0.03999999910593033,0.05000000074505806,0.05999999865889549,0.07000000029802322,0.07999999821186066,0.09000000357627869,0.10000000149011612,0.10999999940395355,0.11999999731779099,0.12999999523162842,0.14000000059604645,0.15000000596046448,0.1599999964237213,0.17000000178813934,0.18000000715255737,0.1899999976158142,0.20000000298023224,0.20999999344348907,0.2199999988079071,0.23000000417232513,0.23999999463558197,0.25,0.25999999046325684,0.27000001072883606,0.2800000011920929,0.28999999165534973,0.30000001192092896,0.3100000023841858,0.3199999928474426,0.33000001311302185,0.3400000035762787,0.3499999940395355,0.36000001430511475,0.3700000047683716,0.3799999952316284,0.38999998569488525,0.4000000059604645,0.4099999964237213,0.41999998688697815,0.4300000071525574,0.4399999976158142,0.44999998807907104,0.46000000834465027,0.4699999988079071,0.47999998927116394,0.49000000953674316,0.5,0.5099999904632568,0.5199999809265137,0.5299999713897705,0.5400000214576721,0.550000011920929,0.5600000023841858,0.5699999928474426,0.5799999833106995,0.5899999737739563,0.6000000238418579,0.6100000143051147,0.6200000047683716,0.6299999952316284,0.6399999856948853,0.6499999761581421,0.6600000262260437,0.6700000166893005,0.6800000071525574,0.6899999976158142,0.699999988079071,0.7099999785423279,0.7200000286102295,0.7300000190734863,0.7400000095367432,0.75,0.7599999904632568,0.7699999809265137,0.7799999713897705,0.7900000214576721,0.800000011920929,0.8100000023841858,0.8199999928474426,0.8299999833106995,0.8399999737739563,0.8500000238418579,0.8600000143051147,0.8700000047683716,0.8799999952316284,0.8899999856948853],"qubit list for each photon":[[0,2,1,25],[26,28,27,51],[52,54,53,77],[78,80,79,103],[104,106,105,129],[130,132,131,155],[156,158,157,181],[182,184,183,207],[208,210,209,233],[234,236,235,259],[260,262,261,285],[286,264,287,23],[268,3,4,5],[6,29,30,31],[32,55,56,57],[58,81,82,83],[84,107,108,109],[110,133,134,135],[136,159,160,161],[162,185,186,187],[188,211,212,213],[214,237,238,239],[216,263,240,241],[242,265,266,267],[8,10,9,33],[34,36,35,59],[60,62,61,85],[86,88,87,111],[112,114,113,137],[138,140,139,163],[164,166,165,189],[190,168,191,215],[192,194,193,217],[218,220,219,243],[244,246,245,269],[270,272,271,7],[276,11,12,13],[14,37,38,39],[40,63,64,65],[66,89,90,91],[92,115,116,117],[118,141,142,143],[120,167,144,145],[146,169,170,171],[172,195,196,197],[198,221,222,223],[224,247,248,249],[250,273,274,275],[16,18,17,41],[42,44,43,67],[68,70,69,93],[94,72,95,119],[96,98,97,121],[122,124,123,147],[148,150,149,173],[174,176,175,199],[200,202,201,225],[226,228,227,251],[252,254,253,277],[278,280,279,15],[284,19,20,21],[22,45,46,47],[24,71,48,49],[50,73,74,75],[76,99,100,101],[102,125,126,127],[128,151,152,153],[154,177,178,179],[180,203,204,205],[206,229,230,231],[232,255,256,257],[258,281,282,283]],"strategy":11,"success_rate":[[100000,0],[100000,0],[100000,0],[100000,0],[100000,0],[100000,0],[100000,0],[100000,0],[100000,0],[100000,0],[100000,0],[100000,0],[100000,0],[99999,1],[99997,3],[99999,1],[99997,3],[99992,8],[99982,18],[99982,18],[99955,45],[99942,58],[99903,97],[99869,131],[99801,199],[99710,290],[99597,403],[99444,556],[99218,782],[98965,1035],[98566,1434],[98195,1805],[97531,2469],[96904,3096],[96118,3882],[95100,4900],[94009,5991],[92571,7429],[91000,9000],[89269,10731],[87288,12712],[85035,14965],[82326,17674],[80050,19950],[76963,23037],[74290,25710],[71071,28929],[67579,32421],[64367,35633],[60952,39048],[57967,42033],[54679,45321],[51395,48605],[48314,51686],[45261,54739],[42865,57135],[40603,59397],[38442,61558],[36178,63822],[34525,65475],[33146,66854],[31463,68537],[30297,69703],[29199,70801],[28487,71513],[27927,72073],[27210,72790],[26543,73457],[26138,73862],[25991,74009],[25630,74370],[25374,74626],[25362,74638],[25241,74759],[25311,74689],[25156,74844],[25091,74909],[25075,74925],[25202,74798],[24891,75109],[24809,75191],[24918,75082],[25184,74816],[25329,74671],[24960,75040],[25326,74674],[24819,75181],[24990,75010],[24805,75195],[25011,74989]],"time_fin":"20240624_181905","time_start":"20240624_132035","z error rate average":[0.0,0.00500246537871426,0.01003354187368648,0.014975798899300861,0.019961319774377626,0.02499673645791365,0.029992882268633694,0.03502350724264979,0.039964896091010886,0.04505208354330389,0.04996833351488225,0.05488135431244737,0.05992465290336637,0.06502677094027633,0.06996579869880806,0.0752009028568212,0.07999777785846497,0.08508437507697614,0.08990767371525522,0.09493229176611175,0.10010708344899816,0.10496538205645513,0.1100962154104095,0.11492579875873402,0.12011579878161661,0.12517416683699936,0.12979520850743168,0.1351367362718191,0.13981934042902663,0.14503500012811274,0.1497988542751968,0.15500576398331672,0.16002934033561497,0.16516125003095716,0.17017718749333174,0.17497999996639788,0.18007187495656313,0.1851326040688157,0.18993944434963167,0.1948759373419732,0.1998113886807859,0.20476333304315805,0.21007701355583966,0.21502958294801414,0.2198654162415862,0.2249845133894682,0.23003347168192267,0.23498871471337973,0.24000767300680279,0.24506947856813668,0.24983065908573568,0.25481670074135065,0.26007996465459465,0.26497822857961056,0.270015450861007,0.27517736063778403,0.2799997912457585,0.28505336766302586,0.28996229130223394,0.2949204510746896,0.29992916643574835,0.3050949650283158,0.31013670124858617,0.315042638720274,0.319886041585952,0.3248371179626882,0.3299622221662104,0.3350843749728799,0.3400389930485189,0.3449430208340287,0.3500321875143051,0.3549318055522442,0.3599980903051794,0.3648001388660073,0.369943263887018,0.37497777770474555,0.3800478819616139,0.3849264930330217,0.38985788195192816,0.39506125001892445,0.3997917361193895,0.4049155208390951,0.4100927083034813,0.41516263885617255,0.4199324999949336,0.4249915624833107,0.4300060068821907,0.4351192707660794,0.4400772915968299,0.4449023957487941]}