{"lattice_size":[16,16,16,16,16,16,16,16,16,16,16,16,16,16,16,16],"loss rate average":[0.0,0.010010078125,0.020007109375,0.030060390625,0.040075078125,0.050097890625,0.0600125,0.070066875,0.079996015625,0.08987203125,0.1000646875,0.110093203125,0.119853125,0.129853125,0.14013765625,0.15008046875,0.15978453125,0.170002109375,0.17992765625,0.1901084375,0.20033734375,0.21018921875,0.2199459375,0.229951640625,0.240060234375,0.249979375,0.260168984375,0.269897109375,0.27984453125,0.289805625,0.299845078125,0.309891796875,0.3198584375,0.33012140625,0.340034921875],"multiplexing":4,"num_error_happens":0,"num_photons":128,"num_qubits":512,"prob_e_vec":[0.0,0.009999999776482582,0.019999999552965164,0.029999999329447746,0.03999999910593033,0.05000000074505806,0.05999999865889549,0.07000000029802322,0.07999999821186066,0.09000000357627869,0.10000000149011612,0.10999999940395355,0.11999999731779099,0.12999999523162842,0.14000000059604645,0.15000000596046448,0.1599999964237213,0.17000000178813934,0.18000000715255737,0.1899999976158142,0.20000000298023224,0.20999999344348907,0.2199999988079071,0.23000000417232513,0.23999999463558197,0.25,0.25999999046325684,0.27000001072883606,0.2800000011920929,0.28999999165534973,0.30000001192092896,0.3100000023841858,0.3199999928474426,0.33000001311302185,0.3400000035762787],"qubit list for each photon":[[107,95,73,137],[375,374,231,38],[411,418,160,248],[271,329,13,453],[210,419,155,41],[184,177,129,153],[357,341,219,98],[101,340,420,452],[46,350,457,483],[42,285,306,236],[196,315,212,11],[365,371,165,397],[172,142,449,200],[49,138,99,75],[216,140,7,482],[171,253,360,144],[275,388,128,188],[194,316,209,28],[473,158,289,509],[498,426,462,280],[52,480,213,442],[349,112,441,499],[477,62,476,382],[492,496,86,503],[403,16,54,227],[233,291,115,439],[471,432,48,56],[179,139,189,37],[461,169,414,448],[8,362,256,429],[162,214,328,298],[376,337,468,23],[310,91,173,324],[351,39,207,127],[132,18,100,199],[109,186,238,72],[63,21,307,247],[181,475,485,53],[66,383,366,396],[354,121,89,156],[218,147,387,330],[400,1,85,68],[389,478,284,266],[367,55,305,78],[358,123,372,83],[281,454,118,302],[17,322,241,299],[71,122,508,296],[74,435,465,269],[458,151,470,43],[30,81,336,474],[170,96,460,464],[317,245,456,232],[279,391,319,352],[282,410,40,15],[178,334,379,167],[82,20,407,141],[161,408,347,466],[235,152,251,32],[88,438,193,402],[217,229,90,472],[22,484,507,348],[272,12,395,203],[254,394,2,490],[225,154,249,450],[308,314,29,31],[417,309,363,262],[206,428,208,320],[103,393,93,110],[386,422,223,326],[339,380,105,204],[423,14,331,205],[27,264,377,409],[430,59,491,405],[113,413,190,361],[443,440,481,182],[292,114,451,239],[434,104,338,355],[412,311,19,505],[300,149,244,425],[119,323,195,399],[261,197,221,447],[120,92,332,455],[125,222,192,174],[392,258,276,163],[259,47,226,87],[202,237,36,240],[34,467,134,506],[135,416,398,431],[61,157,303,406],[116,404,45,126],[57,80,325,255],[159,294,293,191],[463,495,164,345],[385,166,35,504],[24,278,494,3],[427,487,102,60],[313,230,378,381],[185,175,268,424],[176,201,318,145],[51,257,335,459],[220,356,359,436],[79,373,344,187],[297,26,124,501],[243,370,10,444],[250,168,260,384],[286,64,4,446],[401,76,69,273],[274,288,117,111],[246,84,106,148],[304,77,390,321],[290,70,50,489],[343,224,143,287],[368,6,346,146],[108,198,445,263],[215,252,133,283],[497,44,502,510],[67,5,327,150],[33,277,493,242],[130,301,94,136],[234,342,270,228],[267,369,437,333],[479,488,180,65],[58,486,265,183],[421,500,433,295],[353,364,97,469],[131,312,9,415],[511,25,211,0]],"strategy":1,"success_rate":[[100000,0],[100000,0],[100000,0],[100000,0],[100000,0],[100000,0],[100000,0],[100000,0],[100000,0],[100000,0],[100000,0],[100000,0],[100000,0],[100000,0],[100000,0],[100000,0],[100000,0],[100000,0],[100000,0],[100000,0],[100000,0],[100000,0],[100000,0],[99999,1],[100000,0],[100000,0],[99999,1],[99993,7],[99984,16],[99977,23],[99961,39],[99926,74],[99885,115],[99778,222],[99661,339]],"time_fin":"20240624_134147","time_start":"20240624_132036","z error rate average":[0.0,0.00502119140625,0.01000642578125,0.01503974609375,0.020023359375,0.0250680859375,0.02999056640625,0.03505376953125,0.04001015625,0.04494205078125,0.0500207421875,0.05504650390625,0.0599188671875,0.06498498046875,0.0700870703125,0.07503912109375,0.07987255859375,0.08498646484375,0.08996041015625,0.095051015625,0.1001354296875,0.10515591796875,0.10994578125,0.115010625,0.12002853515625,0.12496146484375,0.1300824609375,0.1349706640625,0.13984091796875,0.14485720703125,0.14999119140625,0.15502861328125,0.1599614453125,0.16510009765625,0.17004041015625]}