{"lattice_size":[20,20,20,20,20,20,20,20,20,20,20,20,20,20,20,20,20,20,20,20],"loss rate average":[0.0,0.009963799814358354,0.01998359980176203,0.029974149900637567,0.03998189997185022,0.050076949963644146,0.05995914996436797,0.06997470004664734,0.07997780013150535,0.08998230011423118,0.10009999999664723,0.11003969994096086,0.11994564996279776,0.12999230013146995,0.14008850036591292,0.15009805056106298,0.1601410006159544,0.1701206504856795,0.1799904002507031,0.1898541498772055,0.19996699952915312,0.20988384916640818,0.2199681489163637,0.23010109872974455,0.2399589485693723,0.2501065985123068,0.26006409855678675,0.2698772986903787,0.28016069892346857,0.28995524921879173,0.2999836495129764,0.3101695498223603,0.32000365014880894,0.32994205025449397,0.34019160042226315,0.3501194504219294,0.36002625029072166,0.369941500120759],"multiplexing":4,"num_error_happens":0,"num_photons":200,"num_qubits":800,"prob_e_vec":[0.0,0.009999999776482582,0.019999999552965164,0.029999999329447746,0.03999999910593033,0.05000000074505806,0.05999999865889549,0.07000000029802322,0.07999999821186066,0.09000000357627869,0.10000000149011612,0.10999999940395355,0.11999999731779099,0.12999999523162842,0.14000000059604645,0.15000000596046448,0.1599999964237213,0.17000000178813934,0.18000000715255737,0.1899999976158142,0.20000000298023224,0.20999999344348907,0.2199999988079071,0.23000000417232513,0.23999999463558197,0.25,0.25999999046325684,0.27000001072883606,0.2800000011920929,0.28999999165534973,0.30000001192092896,0.3100000023841858,0.3199999928474426,0.33000001311302185,0.3400000035762787,0.3499999940395355,0.36000001430511475,0.3700000047683716],"qubit list for each photon":[[33,154,535,378],[484,54,689,789],[356,193,297,671],[517,634,225,90],[231,646,540,712],[362,293,506,202],[181,447,197,237],[563,377,481,77],[768,149,630,605],[75,649,719,288],[160,338,17,4],[301,100,212,631],[565,9,571,647],[241,146,382,127],[203,596,515,761],[533,637,269,232],[523,354,514,218],[259,636,553,13],[618,767,460,502],[98,43,341,187],[397,153,278,753],[793,400,366,698],[595,63,705,113],[700,57,592,710],[405,474,135,179],[610,627,240,239],[626,613,198,177],[559,543,129,121],[520,528,147,180],[625,688,365,457],[182,326,88,292],[108,371,261,578],[536,131,171,661],[779,550,772,650],[165,141,580,679],[428,654,524,74],[95,589,756,594],[111,110,593,762],[614,158,196,723],[139,58,477,609],[437,782,27,585],[64,56,569,10],[773,452,682,629],[317,525,487,213],[444,442,209,492],[554,374,751,91],[1,469,732,752],[548,140,310,267],[2,337,458,393],[123,449,599,542],[314,696,86,112],[759,426,742,82],[65,693,355,676],[38,60,741,473],[92,363,500,522],[423,226,686,251],[482,643,690,640],[483,271,748,347],[680,133,313,419],[471,467,413,315],[167,770,526,268],[771,432,99,532],[169,577,201,606],[230,657,290,745],[414,130,672,430],[260,115,24,792],[15,102,266,485],[3,391,78,664],[530,507,607,16],[335,790,566,472],[539,746,305,22],[703,739,172,560],[346,328,495,84],[678,684,107,555],[431,570,152,775],[49,390,228,318],[706,567,737,402],[387,707,510,687],[370,409,21,777],[287,192,446,322],[584,436,728,620],[145,96,478,529],[248,401,258,583],[602,309,527,459],[142,325,265,755],[200,211,797,357],[518,491,284,702],[134,219,150,736],[388,743,178,304],[345,312,217,46],[645,384,116,632],[329,39,568,321],[118,769,674,660],[726,83,361,774],[486,369,406,621],[216,6,5,227],[677,579,750,385],[320,556,306,395],[34,28,380,334],[704,670,277,336],[62,263,168,574],[717,590,235,439],[448,274,725,210],[358,392,308,161],[734,451,151,638],[311,36,597,415],[319,332,464,758],[396,223,255,519],[243,224,501,291],[427,114,189,681],[788,545,787,722],[381,604,591,375],[7,257,416,462],[443,386,300,249],[234,282,441,727],[350,166,205,503],[254,339,760,738],[323,351,48,245],[183,713,208,398],[429,376,272,148],[69,50,119,349],[744,561,635,176],[87,411,303,709],[8,662,298,619],[11,120,242,410],[633,164,720,691],[117,716,68,683],[170,214,53,572],[174,575,185,699],[552,628,156,41],[331,270,740,194],[342,408,463,586],[44,541,511,45],[29,516,12,155],[279,434,675,352],[286,622,608,340],[715,207,557,206],[80,294,94,461],[615,694,799,253],[780,35,598,109],[403,663,285,186],[497,521,424,281],[280,546,418,795],[264,600,273,299],[14,373,724,454],[494,229,668,359],[233,562,665,757],[175,31,453,18],[573,718,659,651],[66,785,611,564],[106,344,642,475],[101,656,747,652],[673,296,648,399],[655,125,798,508],[480,191,59,404],[781,778,784,383],[19,40,89,639],[479,79,729,438],[512,711,653,97],[389,450,52,538],[143,247,692,440],[190,617,20,603],[23,488,433,623],[246,137,348,122],[360,368,295,327],[658,685,666,76],[85,215,55,25],[531,537,551,394],[588,283,163,199],[417,796,749,367],[765,547,159,30],[534,791,504,505],[26,612,144,496],[466,489,379,70],[289,493,126,407],[244,455,221,697],[544,470,490,794],[157,105,754,764],[32,195,162,644],[256,499,786,93],[316,576,420,37],[42,81,513,730],[731,616,456,468],[188,104,262,330],[412,343,783,669],[714,324,275,238],[47,307,136,0],[641,250,549,465],[252,184,372,708],[61,364,582,776],[695,71,67,236],[667,173,425,581],[72,766,601,624],[73,333,445,222],[558,735,103,302],[498,124,476,51],[132,435,138,220],[422,204,421,353],[276,509,763,721],[587,733,701,128]],"strategy":1,"success_rate":[[100000,0],[100000,0],[100000,0],[100000,0],[100000,0],[100000,0],[100000,0],[100000,0],[100000,0],[100000,0],[100000,0],[100000,0],[100000,0],[100000,0],[100000,0],[100000,0],[100000,0],[100000,0],[100000,0],[100000,0],[100000,0],[100000,0],[100000,0],[100000,0],[100000,0],[100000,0],[100000,0],[100000,0],[100000,0],[99997,3],[99997,3],[99988,12],[99984,16],[99959,41],[99939,61],[99854,146],[99738,262],[99573,427]],"time_fin":"20240624_140914","time_start":"20240624_132039","z error rate average":[0.0,0.004987587466218975,0.00998937498424668,0.01498227500324836,0.01999280001209816,0.025077887520042714,0.029987700035811866,0.034989737545077226,0.03999677502921084,0.04500558747441973,0.05005278738671914,0.05499903731361963,0.05998576228594407,0.06498516229418107,0.07002847481792793,0.07507496235217899,0.08004066241275519,0.08509521244945005,0.09002003746960312,0.09491228745471686,0.09994348745401949,0.10495238742310554,0.1100106248955056,0.11506603735502809,0.11999494983892887,0.12506032483641058,0.13003096235089004,0.13493656235441565,0.1400377123951167,0.14499679991595446,0.15001442494414746,0.1550668749449402,0.1599958249799907,0.1649707749750465,0.17010660000003874,0.17506288750074803,0.18006843748658896,0.18497192501179874]}