{"lattice_size":[18,18,18,18,18,18,18,18,18,18,18,18,18,18,18,18,18,18],"loss rate average":[0.0,0.01003401242043823,0.020069506320655347,0.030055617479160426,0.039959012492224576,0.04999234560925513,0.060085246536731717,0.06999067832063884,0.08005697439286857,0.08998901127852499,0.10004413465950639,0.10988962847221642,0.11992814701665193,0.129939443359375,0.14009049285180866,0.14993851765461266,0.1600089498618245,0.16986975243508814,0.17997536979682743,0.1899141970023513,0.20009783900395037,0.20985654265001416,0.22009567843012512,0.2300977154314518,0.2400956784132868,0.25007796235650775,0.259974011837095,0.27010518482610585,0.2801713578641415,0.28998740742579104,0.3000853705742955,0.31010851886406543,0.3199330869016051],"multiplexing":4,"num_error_happens":0,"num_photons":162,"num_qubits":648,"prob_e_vec":[0.0,0.009999999776482582,0.019999999552965164,0.029999999329447746,0.03999999910593033,0.05000000074505806,0.05999999865889549,0.07000000029802322,0.07999999821186066,0.09000000357627869,0.10000000149011612,0.10999999940395355,0.11999999731779099,0.12999999523162842,0.14000000059604645,0.15000000596046448,0.1599999964237213,0.17000000178813934,0.18000000715255737,0.1899999976158142,0.20000000298023224,0.20999999344348907,0.2199999988079071,0.23000000417232513,0.23999999463558197,0.25,0.25999999046325684,0.27000001072883606,0.2800000011920929,0.28999999165534973,0.30000001192092896,0.3100000023841858,0.3199999928474426],"qubit list for each photon":[[383,52,78,476],[615,513,187,301],[226,626,222,330],[317,201,3,388],[73,379,24,326],[4,376,161,31],[647,93,322,64],[630,106,443,370],[555,374,491,277],[410,248,473,452],[204,407,426,281],[5,257,421,509],[546,558,565,589],[10,140,357,44],[508,484,640,353],[299,505,335,474],[287,463,363,28],[117,15,393,629],[110,146,124,67],[646,601,604,40],[217,531,350,362],[590,416,515,261],[345,151,336,298],[77,319,442,455],[395,284,178,94],[58,111,271,597],[459,535,209,175],[462,449,176,324],[283,97,431,33],[231,427,638,264],[645,518,554,157],[16,159,628,177],[130,529,119,233],[267,265,266,312],[447,57,492,488],[91,644,247,243],[32,292,433,497],[527,571,34,244],[621,562,103,591],[142,92,495,105],[260,385,514,53],[352,172,210,528],[521,240,411,422],[337,205,99,61],[154,438,321,522],[432,131,314,408],[471,563,89,430],[342,547,445,118],[269,331,365,439],[616,327,288,578],[600,444,169,519],[234,82,114,401],[386,139,389,570],[98,367,160,196],[579,66,62,643],[605,22,286,193],[480,575,581,585],[36,311,229,534],[642,37,90,258],[11,75,557,263],[608,381,347,611],[631,517,380,332],[487,302,553,54],[207,501,397,18],[134,206,384,136],[219,147,19,623],[164,47,418,126],[583,7,470,182],[561,479,79,149],[190,356,168,404],[588,230,141,467],[95,469,477,274],[43,595,174,235],[315,607,633,580],[641,354,551,155],[618,225,460,238],[400,512,145,144],[81,183,639,414],[361,71,409,316],[45,457,511,454],[536,340,156,203],[120,162,574,368],[448,437,625,6],[148,48,8,309],[637,632,602,228],[456,318,170,289],[399,198,9,191],[434,481,20,72],[359,620,594,29],[569,87,236,135],[218,249,636,549],[425,63,530,371],[56,38,158,242],[143,355,116,543],[272,419,276,348],[567,214,466,617],[635,453,27,599],[255,237,532,525],[245,313,186,498],[65,213,391,68],[587,202,285,334],[520,369,59,415],[378,180,25,197],[303,627,216,613],[291,185,41,250],[538,86,572,566],[540,341,483,224],[125,128,200,320],[494,127,545,564],[300,499,76,465],[634,188,21,458],[550,51,603,122],[329,451,413,153],[268,123,436,39],[310,195,506,295],[475,152,372,325],[523,275,184,297],[85,343,619,606],[624,464,577,279],[165,290,166,622],[88,181,96,387],[412,305,241,502],[254,593,293,12],[614,548,270,333],[163,13,227,30],[84,541,500,441],[417,612,221,405],[107,296,278,220],[507,524,489,280],[610,50,490,406],[461,358,109,132],[539,542,392,104],[113,46,582,402],[552,70,420,496],[428,308,246,375],[344,446,576,129],[609,35,468,559],[14,199,486,239],[598,364,282,100],[382,339,150,586],[596,504,294,304],[167,171,189,429],[478,537,592,493],[273,396,121,349],[179,394,192,510],[360,323,584,328],[252,194,423,108],[211,526,440,138],[215,450,26,516],[573,256,17,346],[568,556,102,253],[560,0,262,338],[306,544,2,232],[366,373,83,533],[503,173,398,223],[424,60,485,49],[482,212,472,42],[69,23,112,251],[435,208,307,403],[390,377,80,133],[351,74,259,115],[137,101,55,1]],"strategy":1,"success_rate":[[100000,0],[100000,0],[100000,0],[100000,0],[100000,0],[100000,0],[100000,0],[100000,0],[100000,0],[100000,0],[100000,0],[100000,0],[100000,0],[100000,0],[100000,0],[100000,0],[100000,0],[100000,0],[100000,0],[100000,0],[100000,0],[100000,0],[100000,0],[100000,0],[100000,0],[100000,0],[99999,1],[99999,1],[99996,4],[99990,10],[99984,16],[99962,38],[99948,52]],"time_fin":"20240620_165545","time_start":"20240620_163551","z error rate average":[0.0,0.005007793236235156,0.010039768507126718,0.015016049284860491,0.019978055373691024,0.02501851829431951,0.030041789884502068,0.03499418187657371,0.040038657208178195,0.04500908933145925,0.05001814799384214,0.05494848752288148,0.05996408940650523,0.06495239191868342,0.07004922838179395,0.07500560188306496,0.07993929019181058,0.0849509260384366,0.09000330260891468,0.09495942915834486,0.10005000012010336,0.10492711427971721,0.11002259259629994,0.11506444434575737,0.11999695970024914,0.12502609543088825,0.1299536107974127,0.13511925893485546,0.14004152746349574,0.14496319412484765,0.15006308615013958,0.155024783699885,0.1599792744769156]}