{"lattice_size":[12,12,12,12,12,12,12,12,12,12,12,12],"loss rate average":[0.0,0.009913055659150705,0.019980694741532207,0.02999000056343153,0.04001708419980481,0.050044167826846245,0.05985111251873895,0.06994889047346078,0.07986402948038653,0.09003639064441435,0.09994194620530121,0.1101758350733947,0.12009277946491725,0.13007083489430138,0.1402445847768057,0.15006125123122707,0.16007888992480934,0.1699444452637527,0.18009375062123872,0.1898561115786992,0.1998113892209064,0.20988750030484052,0.21993208358552307,0.2301848613909632,0.2402312503141165,0.2500661114734784,0.259762222702764,0.269916250410229,0.27994833372578026,0.2899377781601995,0.3000261114165932,0.3100583335417509,0.31981597232759,0.3297587501167506,0.3398816667024791,0.3498704166817665,0.3600325000166893,0.3700188889245689,0.38003027786180377,0.3894812500654161,0.399934444604069,0.40994680586785076,0.4199161114807427,0.43013944498077034,0.43973444507882,0.45002527858838437,0.45998638987571,0.4700470845577121,0.4797620847263932,0.4898384736956656,0.4999829183039069,0.5103348627892137,0.5196466681891679,0.5300693069756031,0.5396855567812919,0.550160695361197,0.5596168061745167,0.5700397225892544,0.5799584723979234,0.5901444443821907,0.5999573610454798,0.6098549999639392,0.6198322222700715,0.629850833581388,0.6396506947901845,0.6499945836544037,0.6600494448918104,0.6697751390761137,0.6800402777606249,0.6900915275537968,0.6999540273952484,0.7099886106666923,0.7201479162204265],"multiplexing":4,"num_error_happens":0,"num_photons":72,"num_qubits":288,"prob_e_vec":[0.0,0.009999999776482582,0.019999999552965164,0.029999999329447746,0.03999999910593033,0.05000000074505806,0.05999999865889549,0.07000000029802322,0.07999999821186066,0.09000000357627869,0.10000000149011612,0.10999999940395355,0.11999999731779099,0.12999999523162842,0.14000000059604645,0.15000000596046448,0.1599999964237213,0.17000000178813934,0.18000000715255737,0.1899999976158142,0.20000000298023224,0.20999999344348907,0.2199999988079071,0.23000000417232513,0.23999999463558197,0.25,0.25999999046325684,0.27000001072883606,0.2800000011920929,0.28999999165534973,0.30000001192092896,0.3100000023841858,0.3199999928474426,0.33000001311302185,0.3400000035762787,0.3499999940395355,0.36000001430511475,0.3700000047683716,0.3799999952316284,0.38999998569488525,0.4000000059604645,0.4099999964237213,0.41999998688697815,0.4300000071525574,0.4399999976158142,0.44999998807907104,0.46000000834465027,0.4699999988079071,0.47999998927116394,0.49000000953674316,0.5,0.5099999904632568,0.5199999809265137,0.5299999713897705,0.5400000214576721,0.550000011920929,0.5600000023841858,0.5699999928474426,0.5799999833106995,0.5899999737739563,0.6000000238418579,0.6100000143051147,0.6200000047683716,0.6299999952316284,0.6399999856948853,0.6499999761581421,0.6600000262260437,0.6700000166893005,0.6800000071525574,0.6899999976158142,0.699999988079071,0.7099999785423279,0.7200000286102295],"qubit list for each photon":[[0,2,1,25],[4,6,5,29],[8,10,9,33],[12,14,13,37],[16,18,17,41],[20,22,21,45],[26,28,27,51],[30,32,31,55],[34,36,35,59],[38,40,39,63],[42,44,43,67],[46,24,47,71],[48,50,49,73],[52,54,53,77],[56,58,57,81],[60,62,61,85],[64,66,65,89],[68,70,69,93],[74,76,75,99],[78,80,79,103],[82,84,83,107],[86,88,87,111],[90,92,91,115],[94,72,95,119],[96,98,97,121],[100,102,101,125],[104,106,105,129],[108,110,109,133],[112,114,113,137],[116,118,117,141],[122,124,123,147],[126,128,127,151],[130,132,131,155],[134,136,135,159],[138,140,139,163],[142,120,143,167],[144,146,145,169],[148,150,149,173],[152,154,153,177],[156,158,157,181],[160,162,161,185],[164,166,165,189],[170,172,171,195],[174,176,175,199],[178,180,179,203],[182,184,183,207],[186,188,187,211],[190,168,191,215],[192,194,193,217],[196,198,197,221],[200,202,201,225],[204,206,205,229],[208,210,209,233],[212,214,213,237],[218,220,219,243],[222,224,223,247],[226,228,227,251],[230,232,231,255],[234,236,235,259],[238,216,239,263],[240,242,241,265],[244,246,245,269],[248,250,249,273],[252,254,253,277],[256,258,257,281],[260,262,261,285],[266,268,267,3],[270,272,271,7],[274,276,275,11],[278,280,279,15],[282,284,283,19],[286,264,287,23]],"strategy":9,"success_rate":[[100000,0],[100000,0],[100000,0],[100000,0],[100000,0],[100000,0],[100000,0],[100000,0],[100000,0],[100000,0],[100000,0],[100000,0],[100000,0],[100000,0],[100000,0],[100000,0],[100000,0],[100000,0],[100000,0],[99999,1],[99997,3],[99999,1],[99998,2],[99996,4],[99992,8],[99995,5],[99979,21],[99966,34],[99948,52],[99919,81],[99912,88],[99846,154],[99769,231],[99722,278],[99623,377],[99496,504],[99284,716],[99078,922],[98802,1198],[98450,1550],[97937,2063],[97431,2569],[96681,3319],[95975,4025],[94962,5038],[93837,6163],[92547,7453],[91090,8910],[89374,10626],[87554,12446],[85345,14655],[82874,17126],[80681,19319],[77631,22369],[74741,25259],[71567,28433],[68667,31333],[65470,34530],[62255,37745],[58433,41567],[55415,44585],[52594,47406],[49246,50754],[46122,53878],[43483,56517],[41071,58929],[38392,61608],[36480,63520],[34566,65434],[33052,66948],[31433,68567],[30317,69683],[29237,70763]],"time_fin":"20240624_162322","time_start":"20240624_132040","z error rate average":[0.0,0.004951701489319093,0.009997604373614303,0.014991215564140584,0.020006007273762953,0.025020937842123676,0.02993239616069477,0.034970590576208195,0.0399247224785015,0.04501149327090941,0.04997218768403865,0.05512305570472032,0.06009031262477627,0.06501524315459886,0.07012649314207024,0.07503802092180588,0.08004333342422965,0.08501218758105766,0.09002288204181706,0.09489534732518252,0.09988392372142058,0.10497604177813977,0.10985194458607585,0.11507940988148563,0.12006430571699515,0.1250550348838605,0.12992211819659918,0.13500131960235537,0.13994333345249296,0.1449174306895584,0.1500151390065998,0.1550632292418927,0.15984048616550864,0.16492190976615995,0.1700470139066875,0.17492045139059426,0.17996197910308837,0.18495506934203207,0.1899655554404855,0.19477916647654026,0.19987704840209336,0.20510694416500627,0.21002805522449314,0.21516579822413623,0.2198345481905341,0.22504381894998252,0.22996427027791738,0.23513937440924346,0.23981968689858912,0.2449005202257633,0.2500005202035606,0.25522124937236307,0.25979045077465474,0.265033436851725,0.26980222164675594,0.2749294091744721,0.27976892314337193,0.28491281210526825,0.2899936801956594,0.2950012496967614,0.3000386455586553,0.3048999303843081,0.3100489929369092,0.31497590264245867,0.31976781245246527,0.3250876387260854,0.32997218747437,0.3349103472279012,0.3399890277464688,0.3451404167172313,0.34996229166403414,0.35499982640862465,0.3599937499400973]}