{"lattice_size":[12,12,12,12,12,12,12,12,12,12,12,12],"loss rate average":[0.0,0.010010277882721274,0.0200619447419513,0.030095139456419274,0.03995694530943408,0.0500847233855445,0.06003055696270428,0.07000986270064488,0.07994250170244835,0.08996305730723776,0.100111668434944,0.11006597396042198,0.11999416833457537,0.13003500158308073,0.1398763903377857,0.15004541791108436,0.15994986215131357,0.1701604174848087,0.17999125062012114,0.18992361155527643,0.19996458368651568,0.21018597246989607,0.22002333359241485,0.22991888919509948,0.24023180589880794,0.2500676392510161,0.2601905559106916,0.26996666708774864,0.28010666703864934,0.28972652814485134,0.3001188892196864,0.3099034724442661,0.31998375012986363,0.32998972228460016,0.33969180558279155,0.3500772222749889,0.35968319441258906,0.369854722288698,0.37995222228363157,0.38978347239911554,0.39999638912796975,0.41039986140996215,0.4199843059824407,0.42987250048264863,0.4397152784301341,0.4500109730090201,0.46006111208453776,0.4701884733980894,0.47997305690586567,0.4899075014474988,0.4999920849010348,0.510250973892212,0.5199900015622377,0.5299673625859618,0.5401158345338702,0.5501843064862489,0.5603012505757808,0.5700713892635703,0.5800212502244115,0.5900615277671813,0.5999756944864988,0.6101543055361509,0.619805416752994,0.62985277790308,0.6398431947460771,0.6498356947177648,0.6600829170367122,0.6699397224459052,0.6799426388987899,0.6897361109963059,0.7000029162493349,0.7096376383832097,0.7201120827567578,0.7299547219151259,0.7398904166501761,0.7499348613232374,0.7599408339530229,0.7702894453442096,0.7799111120289565,0.7901515285038948,0.8001276391649246,0.8100802773267031,0.8199202767789364,0.8301204149979353,0.839862637053132,0.8501129150372744,0.8601251380294561,0.8700001391881704,0.8801758350777626,0.8899086141711473,0.8999695874536038,0.9098727820295095,0.9201343087470532,0.930115278506279,0.9401088861674071,0.9500009658849239,0.9600566572380066,0.9700358229243755,0.979887769113183,0.990033467515111,1.0],"multiplexing":4,"num_error_happens":0,"num_photons":72,"num_qubits":288,"prob_e_vec":[0.0,0.009999999776482582,0.019999999552965164,0.029999999329447746,0.03999999910593033,0.05000000074505806,0.05999999865889549,0.07000000029802322,0.07999999821186066,0.09000000357627869,0.10000000149011612,0.10999999940395355,0.11999999731779099,0.12999999523162842,0.14000000059604645,0.15000000596046448,0.1599999964237213,0.17000000178813934,0.18000000715255737,0.1899999976158142,0.20000000298023224,0.20999999344348907,0.2199999988079071,0.23000000417232513,0.23999999463558197,0.25,0.25999999046325684,0.27000001072883606,0.2800000011920929,0.28999999165534973,0.30000001192092896,0.3100000023841858,0.3199999928474426,0.33000001311302185,0.3400000035762787,0.3499999940395355,0.36000001430511475,0.3700000047683716,0.3799999952316284,0.38999998569488525,0.4000000059604645,0.4099999964237213,0.41999998688697815,0.4300000071525574,0.4399999976158142,0.44999998807907104,0.46000000834465027,0.4699999988079071,0.47999998927116394,0.49000000953674316,0.5,0.5099999904632568,0.5199999809265137,0.5299999713897705,0.5400000214576721,0.550000011920929,0.5600000023841858,0.5699999928474426,0.5799999833106995,0.5899999737739563,0.6000000238418579,0.6100000143051147,0.6200000047683716,0.6299999952316284,0.6399999856948853,0.6499999761581421,0.6600000262260437,0.6700000166893005,0.6800000071525574,0.6899999976158142,0.699999988079071,0.7099999785423279,0.7200000286102295,0.7300000190734863,0.7400000095367432,0.75,0.7599999904632568,0.7699999809265137,0.7799999713897705,0.7900000214576721,0.800000011920929,0.8100000023841858,0.8199999928474426,0.8299999833106995,0.8399999737739563,0.8500000238418579,0.8600000143051147,0.8700000047683716,0.8799999952316284,0.8899999856948853,0.8999999761581421,0.9100000262260437,0.9200000166893005,0.9300000071525574,0.9399999976158142,0.949999988079071,0.9599999785423279,0.9700000286102295,0.9800000190734863,0.9900000095367432,1.0],"qubit list for each photon":[[264,23,0,1],[268,3,4,5],[272,7,8,9],[276,11,12,13],[280,15,16,17],[284,19,20,21],[2,25,26,27],[6,29,30,31],[10,33,34,35],[14,37,38,39],[18,41,42,43],[22,45,46,47],[24,71,48,49],[28,51,52,53],[32,55,56,57],[36,59,60,61],[40,63,64,65],[44,67,68,69],[50,73,74,75],[54,77,78,79],[58,81,82,83],[62,85,86,87],[66,89,90,91],[70,93,94,95],[72,119,96,97],[76,99,100,101],[80,103,104,105],[84,107,108,109],[88,111,112,113],[92,115,116,117],[98,121,122,123],[102,125,126,127],[106,129,130,131],[110,133,134,135],[114,137,138,139],[118,141,142,143],[120,167,144,145],[124,147,148,149],[128,151,152,153],[132,155,156,157],[136,159,160,161],[140,163,164,165],[146,169,170,171],[150,173,174,175],[154,177,178,179],[158,181,182,183],[162,185,186,187],[166,189,190,191],[168,215,192,193],[172,195,196,197],[176,199,200,201],[180,203,204,205],[184,207,208,209],[188,211,212,213],[194,217,218,219],[198,221,222,223],[202,225,226,227],[206,229,230,231],[210,233,234,235],[214,237,238,239],[216,263,240,241],[220,243,244,245],[224,247,248,249],[228,251,252,253],[232,255,256,257],[236,259,260,261],[242,265,266,267],[246,269,270,271],[250,273,274,275],[254,277,278,279],[258,281,282,283],[262,285,286,287]],"strategy":7,"success_rate":[[100000,0],[100000,0],[100000,0],[100000,0],[100000,0],[100000,0],[100000,0],[99999,1],[99999,1],[99997,3],[99996,4],[99985,15],[99981,19],[99962,38],[99942,58],[99879,121],[99839,161],[99737,263],[99618,382],[99439,561],[99232,768],[98890,1110],[98515,1485],[98025,1975],[97225,2775],[96465,3535],[95389,4611],[94158,5842],[92852,7148],[91201,8799],[89342,10658],[87163,12837],[84870,15130],[82349,17651],[79489,20511],[76431,23569],[73542,26458],[70316,29684],[66816,33184],[63610,36390],[60296,39704],[56610,43390],[53933,46067],[50606,49394],[47769,52231],[44886,55114],[42455,57545],[39853,60147],[37957,62043],[35880,64120],[34079,65921],[32516,67484],[31590,68410],[30588,69412],[29278,70722],[28413,71587],[27732,72268],[27391,72609],[26596,73404],[26467,73533],[26076,73924],[25815,74185],[25758,74242],[25444,74556],[25501,74499],[25610,74390],[25412,74588],[25265,74735],[25588,74412],[25145,74855],[25125,74875],[24926,75074],[25119,74881],[24910,75090],[24902,75098],[25186,74814],[25015,74985],[24975,75025],[25045,74955],[25031,74969],[25121,74879],[24963,75037],[24933,75067],[25029,74971],[25081,74919],[24914,75086],[24958,75042],[24700,75300],[25299,74701],[24815,75185],[24890,75110],[25022,74978],[24945,75055],[24925,75075],[25054,74946],[25240,74760],[24959,75041],[24972,75028],[24766,75234],[24957,75043],[25136,74864]],"time_fin":"20240624_210016","time_start":"20240624_132036",