{"lattice_size":[14,14,14,14,14,14,14,14,14,14,14,14,14,14],"loss rate average":[0.0,0.01001693863235414,0.02007326518910937,0.030002244951492174,0.04005540847139433,0.05002479646733031,0.05991295990688726,0.06988826612180099,0.08012193962897174,0.09000398043612018,0.0998677559266612,0.11004255185874179,0.12016398048807866,0.13016826632271522,0.14010102151383647,0.15004520533025265,0.16013040953807534,0.16986040960773827,0.17983928722256795,0.19000581782836468,0.20011949122000486,0.20976428701344876,0.21996255217086524,0.23002989892989398,0.2401776538324356,0.24986602103844285,0.25959449030399323,0.26998244944244626,0.2799196943566203,0.2899818372039497,0.3002647964090109,0.30975438834264873,0.3200383679676056,0.3300327558928728,0.3399858172160387,0.3500866336300969,0.3599096949069202,0.36982816444665195,0.3800682665373385,0.39005489926382897,0.4001848992618918,0.4100622462558746,0.41981796049430964,0.42942051127538083,0.43994898048087955,0.4501554086712003,0.4600243878099322,0.4699951015555859],"multiplexing":4,"num_error_happens":0,"num_photons":98,"num_qubits":392,"prob_e_vec":[0.0,0.009999999776482582,0.019999999552965164,0.029999999329447746,0.03999999910593033,0.05000000074505806,0.05999999865889549,0.07000000029802322,0.07999999821186066,0.09000000357627869,0.10000000149011612,0.10999999940395355,0.11999999731779099,0.12999999523162842,0.14000000059604645,0.15000000596046448,0.1599999964237213,0.17000000178813934,0.18000000715255737,0.1899999976158142,0.20000000298023224,0.20999999344348907,0.2199999988079071,0.23000000417232513,0.23999999463558197,0.25,0.25999999046325684,0.27000001072883606,0.2800000011920929,0.28999999165534973,0.30000001192092896,0.3100000023841858,0.3199999928474426,0.33000001311302185,0.3400000035762787,0.3499999940395355,0.36000001430511475,0.3700000047683716,0.3799999952316284,0.38999998569488525,0.4000000059604645,0.4099999964237213,0.41999998688697815,0.4300000071525574,0.4399999976158142,0.44999998807907104,0.46000000834465027,0.4699999988079071],"qubit list for each photon":[[176,122,230,237],[276,87,203,365],[319,204,162,340],[89,348,78,223],[140,380,305,73],[241,169,28,370],[178,14,44,46],[190,258,27,75],[184,141,131,339],[167,199,229,56],[280,300,324,157],[12,93,214,193],[251,205,279,301],[101,309,357,90],[137,351,172,254],[40,191,160,221],[224,37,336,197],[293,105,320,23],[307,267,200,13],[8,97,192,219],[88,134,292,84],[265,362,334,128],[112,243,72,1],[379,9,62,139],[240,354,106,298],[154,107,174,4],[34,314,100,260],[51,356,59,47],[15,63,303,57],[248,207,69,386],[132,252,119,321],[249,98,77,5],[116,232,206,288],[350,275,335,38],[92,6,126,373],[326,332,377,60],[170,327,166,133],[271,264,194,159],[283,286,318,148],[346,311,256,16],[220,355,290,342],[24,76,67,376],[213,0,182,39],[53,345,261,364],[48,317,236,71],[113,278,150,103],[144,325,333,274],[302,189,161,61],[177,36,18,111],[363,74,164,20],[250,338,187,168],[289,227,96,65],[369,102,385,58],[374,268,343,66],[165,257,30,32],[117,171,215,323],[285,359,95,331],[50,281,198,244],[222,10,25,389],[186,195,136,273],[234,155,371,130],[83,217,315,358],[79,209,114,125],[26,212,99,145],[266,239,104,153],[231,391,306,277],[180,246,255,367],[341,330,138,383],[152,238,295,115],[41,183,42,135],[29,372,109,124],[86,81,225,304],[287,272,216,329],[360,21,316,322],[108,378,179,181],[337,381,349,270],[312,49,201,11],[158,163,91,387],[35,43,368,253],[64,328,147,233],[129,208,45,175],[121,188,31,218],[353,94,282,284],[310,185,80,82],[54,226,196,17],[151,19,308,259],[228,375,269,297],[262,3,361,202],[85,352,127,299],[263,110,242,68],[313,143,245,149],[120,384,344,210],[2,123,118,296],[156,291,142,52],[235,55,294,247],[7,347,388,366],[22,70,33,382],[146,173,211,390]],"strategy":1,"success_rate":[[100000,0],[100000,0],[100000,0],[100000,0],[100000,0],[100000,0],[100000,0],[100000,0],[100000,0],[100000,0],[100000,0],[100000,0],[100000,0],[100000,0],[100000,0],[100000,0],[100000,0],[100000,0],[100000,0],[100000,0],[100000,0],[99998,2],[100000,0],[99998,2],[99995,5],[99991,9],[99987,13],[99976,24],[99961,39],[99925,75],[99886,114],[99806,194],[99680,320],[99559,441],[99258,742],[98899,1101],[98374,1626],[97802,2198],[96773,3227],[95758,4242],[94090,5910],[92349,7651],[90114,9886],[87601,12399],[84354,15646],[80914,19086],[77302,22698],[73257,26743]],"time_fin":"20240624_140428","time_start":"20240624_132035","z error rate average":[0.0,0.005006454096250236,0.010031275590045843,0.015023648096227553,0.02003102058755234,0.024989183891254943,0.029922704327725806,0.034946454348524565,0.04005502578884596,0.04501390334461583,0.04993380129123572,0.05504385229595471,0.060064923703826496,0.06508201553763356,0.07000660735667916,0.07506517876911908,0.0800234440757893,0.08492765323914588,0.08989721956172958,0.09501369912227615,0.10008688784470782,0.10486339290924371,0.10991471936779097,0.11499630092080683,0.12005522942820564,0.12490073957543821,0.12985293341945855,0.13493747420225294,0.13996086703419686,0.14493591803688555,0.1501730864213407,0.15482747419916093,0.16006928541958332,0.16487048447769134,0.1700004079861939,0.1750818365958333,0.179995357042104,0.18497535706162452,0.18998367341794073,0.19502693875029684,0.20013415814742447,0.20496714278794825,0.20984316314533352,0.21463658149033785,0.21991946406386792,0.22511568844139576,0.22998829037629068,0.23502760146088897]}