{"force":1,"lattice_size":[12,12,12,12,12,12,12,12,12,12,12,12],"loss rate average":[0.0,0.009897361212782561,0.019599444728568196,0.029111250534662975,0.03839902859433554,0.04777944555753842,0.05664277914164588,0.06546986266930588,0.07420416835516691,0.08267819620560855,0.09094527957096696,0.09916125179143623,0.10727541846285574,0.11518625177949667,0.12319125175119378,0.1305604183426872,0.1382247237915918,0.14570291811657138,0.15293847350537776,0.1598522233084403,0.16701680642960592,0.17387402841547503,0.18085000042000784,0.1874883335645497,0.19406263893909753,0.2004820832710713,0.20697361098565162,0.21329986096899956,0.21930333319805562,0.22550166662983595,0.2315444445580244,0.2372523613959551,0.24343236154198647,0.24908333395980298,0.25471250079788266,0.2602081953193247,0.26558888988167045,0.27134805658653377,0.2762766676990688,0.2816826398919523,0.2867637508904934,0.2920706951619685,0.2970793061515689,0.3018511115129292,0.3066113891209662,0.3114995833848417,0.31641513876989485,0.32115138856813313,0.32569097168847916,0.3304119437682629,0.33473138802483676,0.33930944348618386,0.34377749905884264,0.34799749899208543,0.3524674990694225,0.3565883325263858,0.360736388220191,0.3647987494856119,0.3690295831263065,0.37309736118033526,0.37686736147761346,0.3808958339628577,0.3847548619654775,0.38851513999283316,0.3922788900390267,0.3962795846292376,0.3997668068933487,0.4033397235384584,0.40696777897417546,0.4105820844206214,0.41395986202538015,0.4175823618966341,0.4210387505915761,0.4243586116155982,0.4277123615321517,0.431202917034626,0.4344043059358001,0.43766694480627777,0.4409025004464388,0.4440013892775774,0.4472211114436388,0.4502872223997116,0.45348569433331487,0.4565386105710268,0.4594302767342329,0.46237208167612553,0.46533444200366736,0.4681793022754788,0.47108985703915357,0.4739102729341388,0.4768023557090759,0.4796061053970456,0.48233027199625966,0.48504443890035154,0.48777902277171614,0.4903702735736966,0.49297430234462025,0.4953943033897877,0.497584304407537,0.4992649996495247,0.5],"multiplexing":4,"num_error_happens":0,"num_photons":72,"num_qubits":288,"prob_e_vec":[0.0,0.009999999776482582,0.019999999552965164,0.029999999329447746,0.03999999910593033,0.05000000074505806,0.05999999865889549,0.07000000029802322,0.07999999821186066,0.09000000357627869,0.10000000149011612,0.10999999940395355,0.11999999731779099,0.12999999523162842,0.14000000059604645,0.15000000596046448,0.1599999964237213,0.17000000178813934,0.18000000715255737,0.1899999976158142,0.20000000298023224,0.20999999344348907,0.2199999988079071,0.23000000417232513,0.23999999463558197,0.25,0.25999999046325684,0.27000001072883606,0.2800000011920929,0.28999999165534973,0.30000001192092896,0.3100000023841858,0.3199999928474426,0.33000001311302185,0.3400000035762787,0.3499999940395355,0.36000001430511475,0.3700000047683716,0.3799999952316284,0.38999998569488525,0.4000000059604645,0.4099999964237213,0.41999998688697815,0.4300000071525574,0.4399999976158142,0.44999998807907104,0.46000000834465027,0.4699999988079071,0.47999998927116394,0.49000000953674316,0.5,0.5099999904632568,0.5199999809265137,0.5299999713897705,0.5400000214576721,0.550000011920929,0.5600000023841858,0.5699999928474426,0.5799999833106995,0.5899999737739563,0.6000000238418579,0.6100000143051147,0.6200000047683716,0.6299999952316284,0.6399999856948853,0.6499999761581421,0.6600000262260437,0.6700000166893005,0.6800000071525574,0.6899999976158142,0.699999988079071,0.7099999785423279,0.7200000286102295,0.7300000190734863,0.7400000095367432,0.75,0.7599999904632568,0.7699999809265137,0.7799999713897705,0.7900000214576721,0.800000011920929,0.8100000023841858,0.8199999928474426,0.8299999833106995,0.8399999737739563,0.8500000238418579,0.8600000143051147,0.8700000047683716,0.8799999952316284,0.8899999856948853,0.8999999761581421,0.9100000262260437,0.9200000166893005,0.9300000071525574,0.9399999976158142,0.949999988079071,0.9599999785423279,0.9700000286102295,0.9800000190734863,0.9900000095367432,1.0],"qubit list for each photon":[[154,283,155,248],[226,172,128,58],[208,116,159,84],[246,35,103,150],[245,110,17,46],[66,21,174,147],[60,127,96,260],[20,160,211,55],[186,37,143,268],[187,43,230,24],[196,247,1,50],[169,122,13,32],[42,280,121,270],[22,201,181,148],[224,216,117,10],[146,278,206,223],[262,97,235,64],[4,225,184,240],[157,114,30,47],[200,40,274,51],[142,195,139,272],[251,39,136,118],[220,113,256,28],[180,219,227,62],[11,239,156,59],[124,72,106,89],[193,76,151,254],[90,152,164,49],[57,78,282,258],[179,214,199,8],[166,7,175,131],[275,190,183,92],[203,71,202,269],[101,237,158,250],[271,266,41,207],[165,100,86,222],[277,149,234,241],[168,145,233,229],[218,91,232,135],[73,69,153,19],[163,255,52,132],[228,36,249,107],[176,23,95,102],[56,134,129,276],[210,14,65,105],[87,88,18,242],[63,279,287,120],[61,173,99,108],[68,33,2,252],[285,238,259,83],[44,194,261,161],[267,81,257,15],[177,191,231,198],[27,221,45,31],[243,112,284,130],[137,115,111,9],[16,167,185,273],[6,119,126,53],[38,264,162,94],[48,109,138,104],[74,70,54,25],[236,204,144,0],[213,3,209,253],[205,171,67,244],[85,26,29,98],[82,141,125,217],[133,77,192,197],[123,286,79,215],[178,140,281,170],[189,93,34,263],[75,212,12,188],[80,182,5,265]],"strategy":6,"success_rate":[[100000,0],[100000,0],[100000,0],[100000,0],[100000,0],[100000,0],[100000,0],[100000,0],[100000,0],[100000,0],[100000,0],[100000,0],[100000,0],[100000,0],[100000,0],[100000,0],[100000,0],[100000,0],[100000,0],[100000,0],[100000,0],[100000,0],[100000,0],[100000,0],[100000,0],[99999,1],[100000,0],[100000,0],[100000,0],[100000,0],[100000,0],[99997,3],[99997,3],[99995,5],[99994,6],[99991,9],[99992,8],[99984,16],[99982,18],[99966,34],[99967,33],[99962,38],[99941,59],[99949,51],[99916,84],[99898,102],[99873,127],[99832,168],[99806,194],[99757,243],[99717,283],[99627,373],[99597,403],[99492,508],[99413,587],[99294,706],[99207,793],[99073,927],[98836,1164],[98647,1353],[98482,1518],[98225,1775],[97974,2026],[97653,2347],[97416,2584],[96920,3080],[96598,3402],[96220,3780],[95709,4291],[95067,4933],[94523,5477],[93910,6090],[93298,6702],[92555,7445],[91753,8247],[90912,9088],[89980,10020],[89009,10991],[88179,11821],[87271,12729],[85908,14092],[84977,15023],[83659,16341],[82598,17402],[81288,18712],[79849,20151],[78650,21350],[77169,22831],[75704,24296],[74317,25683],[72782,27218],[71057,28943],[69412,30588],[67896,32104],[66308,33692],[64442,35558],[62385,37615],[60007,39993],[57399,42601],[53753,46247],[50006,49994]],"time_fin":"20240620_130006","time_start":"20240620_105542",