{"lattice_size":[12,12,12,12,12,12,12,12,12,12,12,12],"loss rate average":[0.0,0.009995486327533144,0.020006875421549195,0.02999017402390251,0.039999757210661194,0.04997756955415709,0.05994347230980173,0.07000208341819235,0.07990732644395902,0.08992777780499309,0.09995493064185604,0.10997739600621163,0.12003427106454968,0.13003618081141263,0.13992163213141262,0.14995038202680647,0.1600310417161882,0.17004218754172326,0.1799969444245845,0.18998499998867513,0.19991871518947185,0.21003895811982454,0.22015239542514087,0.2299034021270275,0.24007017276510595,0.25004833237588403,0.25985847136586904,0.2701261104309559,0.2798909717321396,0.28989920109674333,0.2999930207209289,0.3098587151683867,0.31993274302110075,0.3299996180704236,0.3399515278068185,0.35004336806669833,0.35995572916299107,0.37005736113756893,0.3799447917097807,0.3900526389068365,0.4000503125089407,0.4099867360937595,0.4199034027734399,0.43006045138418675,0.4401399652174115,0.45000038189768793,0.4600139929538965,0.46990611095279455,0.4800944441750646,0.48988861082792284,0.5000554510772228,0.5098412844613195,0.5198955553087592,0.5300556249129772,0.5400355554485321,0.5499887152025104,0.5599108332717418,0.5698724999281765,0.5798878124812246,0.5900316319280863,0.6000648610851169,0.6099846527844668,0.620042569513023,0.6300131249648333,0.6398866319561005,0.6498805902582407,0.6601004860889912,0.6700252430951595,0.6800584375429154,0.6899536111110449,0.699960034713149,0.7098504514104128,0.7200638888877631,0.7299618402671814,0.7401087847489118,0.7500755556350946,0.7600305902141332,0.7698811805295944,0.7799550000464917,0.7900389581894874,0.7999557986128331,0.8099662846171856,0.8199796875143052,0.8300249652165175,0.8399988541209698,0.8500541319257021,0.8599282637983561,0.8700184374928475,0.8801744096136093,0.8900142709314823,0.9000481944203377,0.9100582290577889,0.9200217360937596,0.9300039583802223,0.9399917707252502,0.9500194791460037,0.9599229865604639,0.9699903465825319,0.9800159363734722,0.9900134760069847,1.0],"multiplexing":1,"num_error_happens":0,"num_photons":288,"num_qubits":288,"prob_e_vec":[0.0,0.009999999776482582,0.019999999552965164,0.029999999329447746,0.03999999910593033,0.05000000074505806,0.05999999865889549,0.07000000029802322,0.07999999821186066,0.09000000357627869,0.10000000149011612,0.10999999940395355,0.11999999731779099,0.12999999523162842,0.14000000059604645,0.15000000596046448,0.1599999964237213,0.17000000178813934,0.18000000715255737,0.1899999976158142,0.20000000298023224,0.20999999344348907,0.2199999988079071,0.23000000417232513,0.23999999463558197,0.25,0.25999999046325684,0.27000001072883606,0.2800000011920929,0.28999999165534973,0.30000001192092896,0.3100000023841858,0.3199999928474426,0.33000001311302185,0.3400000035762787,0.3499999940395355,0.36000001430511475,0.3700000047683716,0.3799999952316284,0.38999998569488525,0.4000000059604645,0.4099999964237213,0.41999998688697815,0.4300000071525574,0.4399999976158142,0.44999998807907104,0.46000000834465027,0.4699999988079071,0.47999998927116394,0.49000000953674316,0.5,0.5099999904632568,0.5199999809265137,0.5299999713897705,0.5400000214576721,0.550000011920929,0.5600000023841858,0.5699999928474426,0.5799999833106995,0.5899999737739563,0.6000000238418579,0.6100000143051147,0.6200000047683716,0.6299999952316284,0.6399999856948853,0.6499999761581421,0.6600000262260437,0.6700000166893005,0.6800000071525574,0.6899999976158142,0.699999988079071,0.7099999785423279,0.7200000286102295,0.7300000190734863,0.7400000095367432,0.75,0.7599999904632568,0.7699999809265137,0.7799999713897705,0.7900000214576721,0.800000011920929,0.8100000023841858,0.8199999928474426,0.8299999833106995,0.8399999737739563,0.8500000238418579,0.8600000143051147,0.8700000047683716,0.8799999952316284,0.8899999856948853,0.8999999761581421,0.9100000262260437,0.9200000166893005,0.9300000071525574,0.9399999976158142,0.949999988079071,0.9599999785423279,0.9700000286102295,0.9800000190734863,0.9900000095367432,1.0],"qubit list for each photon":[[0],[1],[2],[3],[4],[5],[6],[7],[8],[9],[10],[11],[12],[13],[14],[15],[16],[17],[18],[19],[20],[21],[22],[23],[24],[25],[26],[27],[28],[29],[30],[31],[32],[33],[34],[35],[36],[37],[38],[39],[40],[41],[42],[43],[44],[45],[46],[47],[48],[49],[50],[51],[52],[53],[54],[55],[56],[57],[58],[59],[60],[61],[62],[63],[64],[65],[66],[67],[68],[69],[70],[71],[72],[73],[74],[75],[76],[77],[78],[79],[80],[81],[82],[83],[84],[85],[86],[87],[88],[89],[90],[91],[92],[93],[94],[95],[96],[97],[98],[99],[100],[101],[102],[103],[104],[105],[106],[107],[108],[109],[110],[111],[112],[113],[114],[115],[116],[117],[118],[119],[120],[121],[122],[123],[124],[125],[126],[127],[128],[129],[130],[131],[132],[133],[134],[135],[136],[137],[138],[139],[140],[141],[142],[143],[144],[145],[146],[147],[148],[149],[150],[151],[152],[153],[154],[155],[156],[157],[158],[159],[160],[161],[162],[163],[164],[165],[166],[167],[168],[169],[170],[171],[172],[173],[174],[175],[176],[177],[178],[179],[180],[181],[182],[183],[184],[185],[186],[187],[188],[189],[190],[191],[192],[193],[194],[195],[196],[197],[198],[199],[200],[201],[202],[203],[204],[205],[206],[207],[208],[209],[210],[211],[212],[213],[214],[215],[216],[217],[218],[219],[220],[221],[222],[223],[224],[225],[226],[227],[228],[229],[230],[231],[232],[233],[234],[235],[236],[237],[238],[239],[240],[241],[242],[243],[244],[245],[246],[247],[248],[249],[250],[251],[252],[253],[254],[255],[256],[257],[258],[259],[260],[261],[262],[263],[264],[265],[266],[267],[268],[269],[270],[271],[272],[273],[274],[275],[276],[277],[278],[279],[280],[281],[282],[283],[284],[285],[286],[287]],"strategy":0,"success_rate":[[100000,0],[100000,0],[100000,0],[100000,0],[100000,0],[100000,0],[100000,0],[100000,0],[100000,0],[100000,0],[100000,0],[100000,0],[100000,0],[100000,0],[100000,0],[100000,0],[100000,0],[100000,0],[100000,0],[100000,0],[100000,0],[100000,0],[100000,0],[100000,0],[99999,1],[99997,3],[99997,3],[99994,6],[99988,12],[99968,32],[99943,57],[99932,68],[99893,107],[99822,178],[99655,345],[99497,503],[99135,865],[98738,1262],[98214,1786],[97173,2827],[96093,3907],[94464,5536],[92463,7537],[89919,10081],[86598,13402],[82882,17118],[78427,21573],[73613,26387],[68450,31550],[62910,37090],[57678,42322],[52540,47460],[47707,52293],[43170,56830],[39054,60946],[35828,64172],[33342,66658],[31071,68929],[29441,70559],[28079,71921],[27198,72802],[26651,73349],[25850,74150],[25473,74527],[25496,74504],[25353,74647],[25248,74752],[25096,74904],[25091,74909],[25139,74861],[24856,75144],[25038,74962],[25234,74766],[24894,75106],[25067,74933],[25102,74898],[25064,74936],[25057,74943],[25105,74895],[25098,74902],[25020,74980],[24975,75025],[25090,74910],[24755,75245],[24731,75269],[24745,75255],[24921,75079],[25077,74923],[24985,75015],[24860,75140],[25174,74826],[25047,74953],[24999,75001],[25044,74956],[25120,74880],[24774,75226],[25259,74741],[25007,74993],[24697,75303],[25177,74823],[25397,74603]],"time_fin":"20240612_234118","time_start":"20240612_155449",