{"force":1,"lattice_size":[12,12,12,12,12,12,12,12,12,12,12,12],"loss rate average":[0.0,0.009847083434285597,0.01960513917127624,0.029236250535640867,0.03853861193688586,0.047645417774850506,0.056434584692465144,0.0654302793360874,0.07432694614005275,0.08268125176736153,0.09105722401489504,0.09917041846928187,0.10744930735164322,0.11528402954912745,0.12297514062589035,0.1307015294442419,0.13831152935886756,0.1455783347846195,0.15305389016654342,0.1600201399817504,0.16697527863292025,0.17393861176449804,0.18088388930339366,0.18740347246557473,0.19410430558994413,0.20038819436933844,0.20702777762286365,0.2130865276224911,0.21955819432206453,0.2255122222295031,0.23152513896174728,0.2374465280546248,0.24336888932190837,0.24889652839913964,0.2546651396676898,0.26000319531306626,0.2656677787985653,0.27117583432942627,0.27645402880817654,0.28159388989955186,0.28691708420723677,0.2918658341059834,0.2969822228398919,0.3019991670663655,0.306841389105469,0.31163416669920085,0.31659083317428827,0.3209969440548122,0.3257849994379282,0.3303591660037637,0.3349481936466694,0.3393113879479468,0.34374249897420406,0.34795513787597415,0.35237819349586963,0.3566862492275238,0.3608862493647635,0.3648448606719077,0.36912402763992547,0.3730691667827964,0.37685944479376077,0.3808125006243587,0.3847812508240342,0.3886941677501798,0.3923959735068679,0.3960298624306917,0.39981361244827507,0.4034362512424588,0.4070123622867465,0.4105359732735157,0.41408777870476243,0.4176086118525267,0.4211200006073713,0.4243454171612859,0.42781888933956624,0.43094805591613056,0.43434097262054683,0.43762444488972424,0.44081791709452867,0.4439968059402704,0.447135694835782,0.4502929168531299,0.45334597212165595,0.45645749945104125,0.4593941656219959,0.46237152610182763,0.46544277528077366,0.4682841633719206,0.47115194035470487,0.4740204118418693,0.47680999459534884,0.4795694387385249,0.48232735527962445,0.4850095777794719,0.4877323560988903,0.4903337457567453,0.4929651356649399,0.495409858956933,0.49756597106575967,0.4992548607560992,0.5],"multiplexing":4,"num_error_happens":0,"num_photons":72,"num_qubits":288,"prob_e_vec":[0.0,0.009999999776482582,0.019999999552965164,0.029999999329447746,0.03999999910593033,0.05000000074505806,0.05999999865889549,0.07000000029802322,0.07999999821186066,0.09000000357627869,0.10000000149011612,0.10999999940395355,0.11999999731779099,0.12999999523162842,0.14000000059604645,0.15000000596046448,0.1599999964237213,0.17000000178813934,0.18000000715255737,0.1899999976158142,0.20000000298023224,0.20999999344348907,0.2199999988079071,0.23000000417232513,0.23999999463558197,0.25,0.25999999046325684,0.27000001072883606,0.2800000011920929,0.28999999165534973,0.30000001192092896,0.3100000023841858,0.3199999928474426,0.33000001311302185,0.3400000035762787,0.3499999940395355,0.36000001430511475,0.3700000047683716,0.3799999952316284,0.38999998569488525,0.4000000059604645,0.4099999964237213,0.41999998688697815,0.4300000071525574,0.4399999976158142,0.44999998807907104,0.46000000834465027,0.4699999988079071,0.47999998927116394,0.49000000953674316,0.5,0.5099999904632568,0.5199999809265137,0.5299999713897705,0.5400000214576721,0.550000011920929,0.5600000023841858,0.5699999928474426,0.5799999833106995,0.5899999737739563,0.6000000238418579,0.6100000143051147,0.6200000047683716,0.6299999952316284,0.6399999856948853,0.6499999761581421,0.6600000262260437,0.6700000166893005,0.6800000071525574,0.6899999976158142,0.699999988079071,0.7099999785423279,0.7200000286102295,0.7300000190734863,0.7400000095367432,0.75,0.7599999904632568,0.7699999809265137,0.7799999713897705,0.7900000214576721,0.800000011920929,0.8100000023841858,0.8199999928474426,0.8299999833106995,0.8399999737739563,0.8500000238418579,0.8600000143051147,0.8700000047683716,0.8799999952316284,0.8899999856948853,0.8999999761581421,0.9100000262260437,0.9200000166893005,0.9300000071525574,0.9399999976158142,0.949999988079071,0.9599999785423279,0.9700000286102295,0.9800000190734863,0.9900000095367432,1.0],"qubit list for each photon":[[7,92,229,259],[249,89,24,53],[90,57,105,44],[239,135,120,152],[269,280,150,222],[104,3,75,39],[138,154,64,46],[221,12,43,228],[95,210,6,4],[262,63,126,68],[261,242,272,214],[119,17,62,41],[151,202,60,170],[255,91,180,238],[22,32,253,124],[113,254,10,192],[209,141,241,286],[51,137,264,276],[216,102,142,176],[236,184,98,14],[284,139,80,206],[187,285,66,37],[207,175,76,85],[233,23,186,208],[200,69,156,205],[181,243,273,169],[26,49,248,282],[134,133,226,143],[278,71,234,56],[265,197,224,268],[110,20,225,11],[79,87,167,190],[246,240,247,34],[88,193,65,54],[47,29,103,9],[77,74,277,50],[93,267,245,203],[109,72,114,106],[172,177,182,115],[86,27,84,116],[231,82,5,281],[251,144,42,274],[112,96,215,189],[219,130,148,188],[237,28,136,145],[195,108,213,199],[266,271,13,232],[118,131,127,132],[194,111,129,15],[244,270,217,201],[160,155,21,223],[70,287,168,158],[257,125,252,48],[162,191,263,149],[275,250,218,157],[140,204,31,220],[211,123,235,153],[147,196,256,117],[97,279,283,59],[107,227,83,166],[30,33,174,2],[146,19,40,73],[55,101,161,58],[8,212,128,67],[99,16,78,173],[159,52,164,1],[178,45,260,183],[198,163,81,35],[61,121,230,38],[171,18,122,36],[100,258,0,94],[185,25,165,179]],"strategy":5,"success_rate":[[100000,0],[100000,0],[100000,0],[100000,0],[100000,0],[100000,0],[100000,0],[100000,0],[100000,0],[100000,0],[100000,0],[100000,0],[100000,0],[100000,0],[100000,0],[100000,0],[100000,0],[100000,0],[100000,0],[100000,0],[100000,0],[100000,0],[100000,0],[100000,0],[99998,2],[100000,0],[100000,0],[100000,0],[100000,0],[100000,0],[99996,4],[99998,2],[99997,3],[99992,8],[99993,7],[99989,11],[99987,13],[99981,19],[99975,25],[99968,32],[99940,60],[99953,47],[99945,55],[99926,74],[99900,100],[99898,102],[99841,159],[99826,174],[99773,227],[99704,296],[99648,352],[99625,375],[99512,488],[99444,556],[99291,709],[99174,826],[98970,1030],[98917,1083],[98703,1297],[98474,1526],[98273,1727],[97939,2061],[97675,2325],[97395,2605],[96914,3086],[96573,3427],[96045,3955],[95620,4380],[94942,5058],[94320,5680],[93798,6202],[92935,7065],[92108,7892],[91354,8646],[90378,9622],[89320,10680],[88582,11418],[87158,12842],[86056,13944],[84949,15051],[83474,16526],[82142,17858],[80601,19399],[78786,21214],[77284,22716],[75926,24074],[73708,26292],[72155,27845],[70741,29259],[68725,31275],[67017,32983],[64758,35242],[63282,36718],[61257,38743],[59077,40923],[57395,42605],[55914,44086],[54496,45504],[52708,47292],[51202,48798],[50315,49685]],"time_fin":"20240620_125820","time_start":"20240620_105542",