{"lattice_size":[10,10,10,10,10,10,10,10,10,10],"loss rate average":[0.0,0.010008799776285887,0.020079199551939965,0.02992039933718741,0.04003439912237227,0.049770398931652304,0.05998279875427485,0.07006319859787821,0.08010359847113491,0.0898591983755678,0.09980839831501245,0.11005319826766849,0.1200791982538253,0.12996559824191034,0.14009399826422334,0.15001199828729034,0.1601519983522594,0.17051959840923547,0.1804807984956354,0.19010559856794776,0.2000979986721277,0.21028839880883693,0.22022319894291462,0.2305895990616083,0.2401075992141664,0.24996359934009613,0.2599835995271802,0.26985439971096814,0.27987639984630047,0.29030959997706113,0.3002752001429349,0.3100796002478153,0.3199584002973139,0.3300104003307968,0.3402976003380865,0.35028640031911434,0.3600112002466619,0.3707560001339018,0.38026279997006057,0.3899747998891771,0.4001023996810615,0.4096883994880319,0.4198715993018448,0.429939999069497,0.4396571988827735,0.4499847987894714,0.4601559987131506,0.469807998547107,0.48067079852327704,0.4898727985524386,0.5003391987199336,0.5101031988139451,0.5196775989235938,0.5295655992078782,0.5399819994908571,0.5500639998644591,0.5593412002694607,0.5703684007064999,0.5795180010515452,0.5900920014555753,0.6003412019816041,0.6102764024287463,0.6201416029138863,0.6295100030584634,0.6399404034994542,0.6497500037451088,0.6599984039664268,0.6699236041390896,0.6801088041600585,0.6901800042708218,0.6998364041383565,0.7099456040218473,0.7201432037463784,0.730332403293252,0.7397160030463338,0.7504296024268866,0.7598504020008445,0.7697336013230681,0.7799924006485939,0.7900556000876426,0.7999607993292809,0.8098107987129688,0.8198527981758118,0.830042797651589,0.8393455971428752,0.8503215968537331,0.8599331965494156,0.8700111964130401,0.8799595963263511,0.8896955963128805,0.8998887962436676,0.9099827961033583,0.9198127960324287,0.9299871957808733,0.9401647954505682,0.950090394910574,0.9597539944165945,0.9698783941429854,0.979965194568038,0.990037196161747,1.0],"multiplexing":8,"num_error_happens":0,"num_photons":25,"num_qubits":200,"prob_e_vec":[0.0,0.009999999776482582,0.019999999552965164,0.029999999329447746,0.03999999910593033,0.05000000074505806,0.05999999865889549,0.07000000029802322,0.07999999821186066,0.09000000357627869,0.10000000149011612,0.10999999940395355,0.11999999731779099,0.12999999523162842,0.14000000059604645,0.15000000596046448,0.1599999964237213,0.17000000178813934,0.18000000715255737,0.1899999976158142,0.20000000298023224,0.20999999344348907,0.2199999988079071,0.23000000417232513,0.23999999463558197,0.25,0.25999999046325684,0.27000001072883606,0.2800000011920929,0.28999999165534973,0.30000001192092896,0.3100000023841858,0.3199999928474426,0.33000001311302185,0.3400000035762787,0.3499999940395355,0.36000001430511475,0.3700000047683716,0.3799999952316284,0.38999998569488525,0.4000000059604645,0.4099999964237213,0.41999998688697815,0.4300000071525574,0.4399999976158142,0.44999998807907104,0.46000000834465027,0.4699999988079071,0.47999998927116394,0.49000000953674316,0.5,0.5099999904632568,0.5199999809265137,0.5299999713897705,0.5400000214576721,0.550000011920929,0.5600000023841858,0.5699999928474426,0.5799999833106995,0.5899999737739563,0.6000000238418579,0.6100000143051147,0.6200000047683716,0.6299999952316284,0.6399999856948853,0.6499999761581421,0.6600000262260437,0.6700000166893005,0.6800000071525574,0.6899999976158142,0.699999988079071,0.7099999785423279,0.7200000286102295,0.7300000190734863,0.7400000095367432,0.75,0.7599999904632568,0.7699999809265137,0.7799999713897705,0.7900000214576721,0.800000011920929,0.8100000023841858,0.8199999928474426,0.8299999833106995,0.8399999737739563,0.8500000238418579,0.8600000143051147,0.8700000047683716,0.8799999952316284,0.8899999856948853,0.8999999761581421,0.9100000262260437,0.9200000166893005,0.9300000071525574,0.9399999976158142,0.949999988079071,0.9599999785423279,0.9700000286102295,0.9800000190734863,0.9900000095367432,1.0],"qubit list for each photon":[[51,184,187,31,117,73,155,54],[87,4,191,63,72,105,84,168],[159,95,47,145,144,53,125,50],[185,115,89,1,5,102,154,83],[69,156,39,107,179,175,71,127],[61,98,118,93,91,56,35,172],[88,132,137,52,163,20,146,148],[183,135,25,24,40,142,149,38],[195,126,167,13,181,171,108,134],[26,197,90,36,19,104,37,82],[15,133,77,55,29,177,48,46],[6,12,62,16,114,110,151,194],[34,140,64,96,109,176,32,119],[174,186,143,165,121,99,86,45],[170,180,7,111,139,79,160,147],[124,23,189,75,178,66,120,80],[162,57,81,92,192,129,158,11],[49,193,41,74,27,157,60,101],[8,113,14,94,68,122,2,67],[152,85,30,190,141,10,78,128],[44,169,161,33,131,188,173,116],[112,97,59,136,17,22,153,3],[100,70,76,182,123,106,42,164],[21,166,28,103,199,196,9,130],[58,65,198,18,150,138,43,0]],"strategy":1,"success_rate":[[100000,0],[100000,0],[100000,0],[100000,0],[100000,0],[100000,0],[100000,0],[100000,0],[100000,0],[99998,2],[99999,1],[99998,2],[99996,4],[99993,7],[99983,17],[99977,23],[99968,32],[99953,47],[99919,81],[99880,120],[99816,184],[99776,224],[99670,330],[99540,460],[99350,650],[99166,834],[98906,1094],[98474,1526],[98099,1901],[97662,2338],[96996,3004],[96377,3623],[95547,4453],[94655,5345],[93586,6414],[92415,7585],[91084,8916],[89415,10585],[87965,12035],[86279,13721],[84350,15650],[82449,17551],[80155,19845],[78061,21939],[75532,24468],[73088,26912],[70343,29657],[68043,31957],[65071,34929],[62753,37247],[59877,40123],[57282,42718],[54655,45345],[52115,47885],[49719,50281],[47133,52867],[45333,54667],[42763,57237],[41073,58927],[39192,60808],[37350,62650],[35652,64348],[34162,65838],[33086,66914],[31630,68370],[30639,69361],[29467,70533],[28922,71078],[28053,71947],[27682,72318],[27141,72859],[26778,73222],[26180,73820],[26009,73991],[25946,74054],[25734,74266],[25675,74325],[25398,74602],[25297,74703],[25328,74672],[25035,74965],[25149,74851],[24982,75018],[25154,74846],[24876,75124],[24988,75012],[25083,74917],[24840,75160],[25129,74871],[25159,74841],[25050,74950],[24838,75162],[25122,74878],[25193,74807],[25067,74933],[25144,74856],[25379,74621],[25044,74956],[24935,75065],[25085,74915],[24970,75030]],"time_fin":"20240612_192541","time_start":"20240612_155450",