{"lattice_size":[10,10,10,10,10,10,10,10,10,10],"loss rate average":[0.0,0.009980899782236666,0.020026299625020474,0.030008499570246785,0.040036199597958476,0.05004179968567565,0.05995709979955107,0.06994089992403985,0.08005259997000917,0.09011729997580871,0.10002229991605506,0.11014849990088493,0.12016359990352765,0.1299908999755606,0.13992860013332217,0.14989940023547038,0.1599727003244683,0.17002300035132095,0.18014240025877953,0.19001660014398397,0.19997160001968964,0.20984279988568277,0.21990259978450835,0.22994609978206457,0.23994159981776028,0.25003739997781815,0.2602001001980156,0.2700111004492641,0.2797898007895052,0.29007910104967655,0.29991120130732657,0.31016290142320097,0.3198429014369845,0.329737701420486,0.3396964012674987,0.34988130103036763,0.3601123006546497,0.36975350023135545,0.3802028997217119,0.3895911993423104,0.40000819887921213,0.4100370984482765,0.41994309820607306,0.42982979790627956,0.44005869769081474,0.4501174974666536,0.46032839724466207,0.4701406970986724,0.4801651968881488,0.4899049967938662,0.4998686967027187,0.5099665967553854,0.5198983967116475,0.5300435967636108,0.5401406970399618,0.5501493972867727,0.559976497566402,0.569922497766614,0.5799498981639742,0.5901490986329317,0.5999702990269661,0.610343599395752,0.6199847997197508,0.629938800034523,0.6399700005802512,0.650010900940001,0.660015301181972,0.6698472014701367,0.6800652016818524,0.689783201931417,0.6999771018594504,0.7100567017096281,0.7199561014801263,0.7299778010386229,0.7401249003738165,0.7500359998780489,0.7599455993515253,0.7699940987545252,0.7799534982812405,0.789859398060441,0.799941797773838,0.8099135980713368,0.8200192980742455,0.8300500983124971,0.8399640986508131,0.8499744990611077,0.8599942993789911,0.8702171997094155,0.880128700158596,0.8899412005698681,0.8999522010785341,0.9099971016490459,0.9201027019888163,0.9300021018540859,0.9401063015019894,0.9499117017364502,0.9599719036978483,0.9699903075438738,0.9800030105739832,0.9899578084689379,1.0],"multiplexing":2,"num_error_happens":0,"num_photons":100,"num_qubits":200,"prob_e_vec":[0.0,0.009999999776482582,0.019999999552965164,0.029999999329447746,0.03999999910593033,0.05000000074505806,0.05999999865889549,0.07000000029802322,0.07999999821186066,0.09000000357627869,0.10000000149011612,0.10999999940395355,0.11999999731779099,0.12999999523162842,0.14000000059604645,0.15000000596046448,0.1599999964237213,0.17000000178813934,0.18000000715255737,0.1899999976158142,0.20000000298023224,0.20999999344348907,0.2199999988079071,0.23000000417232513,0.23999999463558197,0.25,0.25999999046325684,0.27000001072883606,0.2800000011920929,0.28999999165534973,0.30000001192092896,0.3100000023841858,0.3199999928474426,0.33000001311302185,0.3400000035762787,0.3499999940395355,0.36000001430511475,0.3700000047683716,0.3799999952316284,0.38999998569488525,0.4000000059604645,0.4099999964237213,0.41999998688697815,0.4300000071525574,0.4399999976158142,0.44999998807907104,0.46000000834465027,0.4699999988079071,0.47999998927116394,0.49000000953674316,0.5,0.5099999904632568,0.5199999809265137,0.5299999713897705,0.5400000214576721,0.550000011920929,0.5600000023841858,0.5699999928474426,0.5799999833106995,0.5899999737739563,0.6000000238418579,0.6100000143051147,0.6200000047683716,0.6299999952316284,0.6399999856948853,0.6499999761581421,0.6600000262260437,0.6700000166893005,0.6800000071525574,0.6899999976158142,0.699999988079071,0.7099999785423279,0.7200000286102295,0.7300000190734863,0.7400000095367432,0.75,0.7599999904632568,0.7699999809265137,0.7799999713897705,0.7900000214576721,0.800000011920929,0.8100000023841858,0.8199999928474426,0.8299999833106995,0.8399999737739563,0.8500000238418579,0.8600000143051147,0.8700000047683716,0.8799999952316284,0.8899999856948853,0.8999999761581421,0.9100000262260437,0.9200000166893005,0.9300000071525574,0.9399999976158142,0.949999988079071,0.9599999785423279,0.9700000286102295,0.9800000190734863,0.9900000095367432,1.0],"qubit list for each photon":[[1,111],[3,113],[5,115],[7,117],[9,119],[11,101],[13,103],[15,105],[17,107],[19,109],[21,131],[23,133],[25,135],[27,137],[29,139],[31,121],[33,123],[35,125],[37,127],[39,129],[41,151],[43,153],[45,155],[47,157],[49,159],[51,141],[53,143],[55,145],[57,147],[59,149],[61,171],[63,173],[65,175],[67,177],[69,179],[71,161],[73,163],[75,165],[77,167],[79,169],[81,191],[83,193],[85,195],[87,197],[89,199],[91,181],[93,183],[95,185],[97,187],[99,189],[0,110],[2,112],[4,114],[6,116],[8,118],[10,100],[12,102],[14,104],[16,106],[18,108],[20,130],[22,132],[24,134],[26,136],[28,138],[30,120],[32,122],[34,124],[36,126],[38,128],[40,150],[42,152],[44,154],[46,156],[48,158],[50,140],[52,142],[54,144],[56,146],[58,148],[60,170],[62,172],[64,174],[66,176],[68,178],[70,160],[72,162],[74,164],[76,166],[78,168],[80,190],[82,192],[84,194],[86,196],[88,198],[90,180],[92,182],[94,184],[96,186],[98,188]],"strategy":3,"success_rate":[[100000,0],[100000,0],[100000,0],[100000,0],[100000,0],[100000,0],[100000,0],[100000,0],[100000,0],[100000,0],[100000,0],[100000,0],[100000,0],[99999,1],[100000,0],[99999,1],[99997,3],[99998,2],[99994,6],[99991,9],[99989,11],[99980,20],[99959,41],[99940,60],[99923,77],[99880,120],[99807,193],[99719,281],[99589,411],[99426,574],[99176,824],[98881,1119],[98521,1479],[98048,1952],[97375,2625],[96547,3453],[95535,4465],[94309,5691],[92979,7021],[91293,8707],[89487,10513],[87177,12823],[84740,15260],[81860,18140],[78902,21098],[75730,24270],[72061,27939],[68902,31098],[64969,35031],[61412,38588],[57811,42189],[54110,45890],[50775,49225],[47276,52724],[44156,55844],[41528,58472],[38975,61025],[36623,63377],[34705,65295],[33209,66791],[31403,68597],[30001,69999],[29112,70888],[28176,71824],[27402,72598],[26802,73198],[26421,73579],[25933,74067],[25466,74534],[25636,74364],[25438,74562],[25399,74601],[25100,74900],[25078,74922],[24972,75028],[25031,74969],[25101,74899],[25241,74759],[24813,75187],[24707,75293],[24983,75017],[24980,75020],[25171,74829],[25033,74967],[25100,74900],[25066,74934],[25112,74888],[24988,75012],[24873,75127],[25064,74936],[24957,75043],[25149,74851],[25007,74993],[25014,74986],[25035,74965],[25046,74954],[25022,74978],[24886,75114],[24946,75054],[25143,74857],[24846,75154]],"time_fin":"20240612_195446","time_start":"20240612_155452",