{"lattice_size":[10,10,10,10,10,10,10,10,10,10],"loss rate average":[0.0,0.01001239978145808,0.0199970996273309,0.030072399570699782,0.04001389960151166,0.05006839969044551,0.0600789998161234,0.07006219992661848,0.08009079998368397,0.08995619997201487,0.09999889992361888,0.11007829989306629,0.11998819990752264,0.13009390000026674,0.13997130011748524,0.15016480023829265,0.1600366003068909,0.17001390031531452,0.17995030025709421,0.1900165001672134,0.19993830001838506,0.2099767998985946,0.22027169975854458,0.22999719977416097,0.2400791998448223,0.24981869999341666,0.2599899002221972,0.26989560044176875,0.2802506007369608,0.2899273010315746,0.2998488012557477,0.3101028014692664,0.31989300146117805,0.3297756014642119,0.33986000125139953,0.35022790098652246,0.3599803006199002,0.3700563001638651,0.37983569976240394,0.39010949934095146,0.4000018988801539,0.4101861985275149,0.42026189822509885,0.4300767978537083,0.4398419976784289,0.4502801974503696,0.45993579726815226,0.4699558970734477,0.47991869689017536,0.4900424968108535,0.5000657967227697,0.5101506966590882,0.5202802967360616,0.5299847968271375,0.5400956970173121,0.5499760972499848,0.5599207975038886,0.5699739979022741,0.5798778982275724,0.5898131985679269,0.6001081989505888,0.609872399392128,0.6199829997435212,0.6299649002894759,0.6400732006242871,0.6499784008786083,0.660071301214099,0.6700596015426517,0.6801431016573309,0.6901386018168926,0.700118601782918,0.7100582016581297,0.7202510013985634,0.7299750010275841,0.7400957004326582,0.7500624999010563,0.7601048992055655,0.769943598831892,0.7800863983136416,0.7899531980168819,0.7999878979301452,0.8099666978549958,0.8200642980802059,0.8297816983878612,0.8400072986608743,0.8500535990154743,0.8601128993833065,0.8701022997540235,0.8800785001724959,0.8900886005884409,0.8999853011727333,0.910117101714611,0.9199780018687248,0.9301076018834115,0.9399557016456127,0.9498678018200397,0.9600206037175656,0.9699315074521303,0.9800469106322527,0.9900362084138393,1.0],"multiplexing":2,"num_error_happens":0,"num_photons":100,"num_qubits":200,"prob_e_vec":[0.0,0.009999999776482582,0.019999999552965164,0.029999999329447746,0.03999999910593033,0.05000000074505806,0.05999999865889549,0.07000000029802322,0.07999999821186066,0.09000000357627869,0.10000000149011612,0.10999999940395355,0.11999999731779099,0.12999999523162842,0.14000000059604645,0.15000000596046448,0.1599999964237213,0.17000000178813934,0.18000000715255737,0.1899999976158142,0.20000000298023224,0.20999999344348907,0.2199999988079071,0.23000000417232513,0.23999999463558197,0.25,0.25999999046325684,0.27000001072883606,0.2800000011920929,0.28999999165534973,0.30000001192092896,0.3100000023841858,0.3199999928474426,0.33000001311302185,0.3400000035762787,0.3499999940395355,0.36000001430511475,0.3700000047683716,0.3799999952316284,0.38999998569488525,0.4000000059604645,0.4099999964237213,0.41999998688697815,0.4300000071525574,0.4399999976158142,0.44999998807907104,0.46000000834465027,0.4699999988079071,0.47999998927116394,0.49000000953674316,0.5,0.5099999904632568,0.5199999809265137,0.5299999713897705,0.5400000214576721,0.550000011920929,0.5600000023841858,0.5699999928474426,0.5799999833106995,0.5899999737739563,0.6000000238418579,0.6100000143051147,0.6200000047683716,0.6299999952316284,0.6399999856948853,0.6499999761581421,0.6600000262260437,0.6700000166893005,0.6800000071525574,0.6899999976158142,0.699999988079071,0.7099999785423279,0.7200000286102295,0.7300000190734863,0.7400000095367432,0.75,0.7599999904632568,0.7699999809265137,0.7799999713897705,0.7900000214576721,0.800000011920929,0.8100000023841858,0.8199999928474426,0.8299999833106995,0.8399999737739563,0.8500000238418579,0.8600000143051147,0.8700000047683716,0.8799999952316284,0.8899999856948853,0.8999999761581421,0.9100000262260437,0.9200000166893005,0.9300000071525574,0.9399999976158142,0.949999988079071,0.9599999785423279,0.9700000286102295,0.9800000190734863,0.9900000095367432,1.0],"qubit list for each photon":[[0,1],[2,3],[4,5],[6,7],[8,9],[10,11],[12,13],[14,15],[16,17],[18,19],[20,21],[22,23],[24,25],[26,27],[28,29],[30,31],[32,33],[34,35],[36,37],[38,39],[40,41],[42,43],[44,45],[46,47],[48,49],[50,51],[52,53],[54,55],[56,57],[58,59],[60,61],[62,63],[64,65],[66,67],[68,69],[70,71],[72,73],[74,75],[76,77],[78,79],[80,81],[82,83],[84,85],[86,87],[88,89],[90,91],[92,93],[94,95],[96,97],[98,99],[100,101],[102,103],[104,105],[106,107],[108,109],[110,111],[112,113],[114,115],[116,117],[118,119],[120,121],[122,123],[124,125],[126,127],[128,129],[130,131],[132,133],[134,135],[136,137],[138,139],[140,141],[142,143],[144,145],[146,147],[148,149],[150,151],[152,153],[154,155],[156,157],[158,159],[160,161],[162,163],[164,165],[166,167],[168,169],[170,171],[172,173],[174,175],[176,177],[178,179],[180,181],[182,183],[184,185],[186,187],[188,189],[190,191],[192,193],[194,195],[196,197],[198,199]],"strategy":4,"success_rate":[[100000,0],[100000,0],[100000,0],[100000,0],[100000,0],[100000,0],[100000,0],[100000,0],[100000,0],[100000,0],[100000,0],[100000,0],[100000,0],[100000,0],[100000,0],[100000,0],[99999,1],[99999,1],[99997,3],[99997,3],[99994,6],[99992,8],[99977,23],[99959,41],[99951,49],[99907,93],[99868,132],[99805,195],[99686,314],[99527,473],[99370,630],[99079,921],[98798,1202],[98266,1734],[97822,2178],[97019,2981],[96129,3871],[94930,5070],[93582,6418],[91955,8045],[89858,10142],[87737,12263],[85450,14550],[82505,17495],[79461,20539],[76098,23902],[72922,27078],[69101,30899],[65340,34660],[61826,38174],[58045,41955],[54335,45665],[50793,49207],[47701,52299],[43968,56032],[41250,58750],[38709,61291],[36364,63636],[34146,65854],[32659,67341],[31056,68944],[30053,69947],[28685,71315],[27654,72346],[27287,72713],[26220,73780],[26124,73876],[25809,74191],[25643,74357],[25408,74592],[25475,74525],[25407,74593],[25357,74643],[25032,74968],[24939,75061],[25256,74744],[24956,75044],[24938,75062],[25014,74986],[24986,75014],[24926,75074],[24756,75244],[24958,75042],[25398,74602],[25248,74752],[25014,74986],[24973,75027],[24888,75112],[25118,74882],[24902,75098],[24835,75165],[24888,75112],[24822,75178],[25148,74852],[24927,75073],[25164,74836],[25035,74965],[24855,75145],[25074,74926],[25095,74905],[24937,75063]],"time_fin":"20240612_201741","time_start":"20240612_155456",