{"lattice_size":[12,12,12,12,12,12,12,12,12,12,12,12],"loss rate average":[0.0,0.010022638993496076,0.019986666963482277,0.03000111167379655,0.039975139755038545,0.0500075011683628,0.059868890300486234,0.06988000158541836,0.07985764058590866,0.09017277954687364,0.10007986287135631,0.11031291840933263,0.12017736278714612,0.12994125158370473,0.14006430698536337,0.1500019457075093,0.1602543065783754,0.17002500079915858,0.17994708396404982,0.190046250425186,0.2000500003120117,0.20996666693607346,0.22016694468494505,0.23024388918317854,0.24001375036705286,0.24992875037614257,0.2599427782189101,0.26993750042662024,0.280046389282234,0.28989652808859945,0.2999998614050448,0.3101013891043514,0.3198104167920351,0.3297281945645064,0.33998597222164273,0.34991291663639246,0.3601859722454846,0.3697791667483747,0.37985847231417896,0.3898336112762988,0.39997611127614974,0.40986805585086344,0.4199937503758073,0.4300243060539663,0.4397163895344734,0.4503448618669808,0.46022527879461644,0.4698743067546189,0.4802012512680888,0.4900322237028182,0.5000176404976845,0.5097569460141659,0.5198900016397238,0.5301369458559155,0.5396708345341682,0.5500365287509561,0.5600422228112817,0.5699056947815418,0.5796576390969753,0.5903448610684275,0.5999005555281043,0.6105968054735661,0.6201043055608869,0.6300629169338942,0.6401047224217653,0.6499345836246013,0.6597451391994953,0.6697391668766737,0.6802840278065204,0.6899419441989064,0.7001037496054172,0.7101320827627182,0.7202952772057056,0.7302244441336393,0.7402604166257382,0.7501725003445149,0.7602479172950983,0.7701568063777685,0.7801805565088987,0.7902604174387455,0.8000123613291978,0.8100631941461564,0.8198820823049545,0.8302633316862583,0.8401406925606728,0.85008055398345,0.8599884712749719,0.8699856946706772,0.8801376406359672,0.8900304197108746,0.9000326429897547,0.9101879209548235,0.9201208363974095,0.9300945840024948,0.9400154139274359,0.9500459657466411,0.9599097127765417,0.9699733229327202,0.9799884635621309,0.9900033286100626,1.0],"multiplexing":4,"num_error_happens":0,"num_photons":72,"num_qubits":288,"prob_e_vec":[0.0,0.009999999776482582,0.019999999552965164,0.029999999329447746,0.03999999910593033,0.05000000074505806,0.05999999865889549,0.07000000029802322,0.07999999821186066,0.09000000357627869,0.10000000149011612,0.10999999940395355,0.11999999731779099,0.12999999523162842,0.14000000059604645,0.15000000596046448,0.1599999964237213,0.17000000178813934,0.18000000715255737,0.1899999976158142,0.20000000298023224,0.20999999344348907,0.2199999988079071,0.23000000417232513,0.23999999463558197,0.25,0.25999999046325684,0.27000001072883606,0.2800000011920929,0.28999999165534973,0.30000001192092896,0.3100000023841858,0.3199999928474426,0.33000001311302185,0.3400000035762787,0.3499999940395355,0.36000001430511475,0.3700000047683716,0.3799999952316284,0.38999998569488525,0.4000000059604645,0.4099999964237213,0.41999998688697815,0.4300000071525574,0.4399999976158142,0.44999998807907104,0.46000000834465027,0.4699999988079071,0.47999998927116394,0.49000000953674316,0.5,0.5099999904632568,0.5199999809265137,0.5299999713897705,0.5400000214576721,0.550000011920929,0.5600000023841858,0.5699999928474426,0.5799999833106995,0.5899999737739563,0.6000000238418579,0.6100000143051147,0.6200000047683716,0.6299999952316284,0.6399999856948853,0.6499999761581421,0.6600000262260437,0.6700000166893005,0.6800000071525574,0.6899999976158142,0.699999988079071,0.7099999785423279,0.7200000286102295,0.7300000190734863,0.7400000095367432,0.75,0.7599999904632568,0.7699999809265137,0.7799999713897705,0.7900000214576721,0.800000011920929,0.8100000023841858,0.8199999928474426,0.8299999833106995,0.8399999737739563,0.8500000238418579,0.8600000143051147,0.8700000047683716,0.8799999952316284,0.8899999856948853,0.8999999761581421,0.9100000262260437,0.9200000166893005,0.9300000071525574,0.9399999976158142,0.949999988079071,0.9599999785423279,0.9700000286102295,0.9800000190734863,0.9900000095367432,1.0],"qubit list for each photon":[[0,2,1,25],[26,28,27,51],[52,54,53,77],[78,80,79,103],[104,106,105,129],[130,132,131,155],[156,158,157,181],[182,184,183,207],[208,210,209,233],[234,236,235,259],[260,262,261,285],[286,264,287,23],[268,3,4,5],[6,29,30,31],[32,55,56,57],[58,81,82,83],[84,107,108,109],[110,133,134,135],[136,159,160,161],[162,185,186,187],[188,211,212,213],[214,237,238,239],[216,263,240,241],[242,265,266,267],[8,10,9,33],[34,36,35,59],[60,62,61,85],[86,88,87,111],[112,114,113,137],[138,140,139,163],[164,166,165,189],[190,168,191,215],[192,194,193,217],[218,220,219,243],[244,246,245,269],[270,272,271,7],[276,11,12,13],[14,37,38,39],[40,63,64,65],[66,89,90,91],[92,115,116,117],[118,141,142,143],[120,167,144,145],[146,169,170,171],[172,195,196,197],[198,221,222,223],[224,247,248,249],[250,273,274,275],[16,18,17,41],[42,44,43,67],[68,70,69,93],[94,72,95,119],[96,98,97,121],[122,124,123,147],[148,150,149,173],[174,176,175,199],[200,202,201,225],[226,228,227,251],[252,254,253,277],[278,280,279,15],[284,19,20,21],[22,45,46,47],[24,71,48,49],[50,73,74,75],[76,99,100,101],[102,125,126,127],[128,151,152,153],[154,177,178,179],[180,203,204,205],[206,229,230,231],[232,255,256,257],[258,281,282,283]],"strategy":11,"success_rate":[[100000,0],[100000,0],[100000,0],[100000,0],[100000,0],[100000,0],[100000,0],[100000,0],[100000,0],[100000,0],[100000,0],[100000,0],[99999,1],[100000,0],[99999,1],[99996,4],[99994,6],[99991,9],[99987,13],[99975,25],[99968,32],[99938,62],[99896,104],[99853,147],[99814,186],[99695,305],[99644,356],[99447,553],[99226,774],[98918,1082],[98602,1398],[98130,1870],[97600,2400],[96861,3139],[96109,3891],[95149,4851],[93831,6169],[92633,7367],[91114,8886],[89274,10726],[87278,12722],[84997,15003],[82563,17437],[79815,20185],[77212,22788],[73988,26012],[70837,29163],[67749,32251],[64201,35799],[60985,39015],[57622,42378],[54745,45255],[51582,48418],[48533,51467],[45615,54385],[43034,56966],[40370,59630],[38520,61480],[36163,63837],[34310,65690],[33148,66852],[31702,68298],[30227,69773],[29404,70596],[28382,71618],[27705,72295],[26966,73034],[26724,73276],[26337,73663],[25898,74102],[26066,73934],[25606,74394],[25465,74535],[25072,74928],[25332,74668],[25208,74792],[25057,74943],[25112,74888],[24873,75127],[25344,74656],[24882,75118],[25141,74859],[24797,75203],[24948,75052],[25066,74934],[24769,75231],[25067,74933],[25214,74786],[25128,74872],[24945,75055],[24806,75194],[25039,74961],[24902,75098],[24916,75084],[24998,75002],[24866,75134],[25242,74758],[24933,75067],[24984,75016],[25082,74918],[24877,75123]],"time_fin":"20240613_012345","time_start":"20240612_155457",