{"lattice_size":[10,10,10,10,10,10,10,10,10,10],"loss rate average":[0.0,0.009934000151231885,0.019997500321269037,0.029916500512957574,0.040009500730223954,0.04998900096327066,0.06011150120120495,0.07013950144656003,0.08011350167956204,0.08992600191161036,0.10001450212597847,0.10994350231666118,0.11979100249033421,0.12983300264883788,0.1402065027794987,0.14982250289794058,0.16008700298730283,0.1696525030241534,0.17959350313782693,0.18965400314185768,0.1997290031477064,0.21022900313656778,0.22008600311685353,0.230602503079623,0.23992600297622382,0.250235502885282,0.26006950279295443,0.2703020027080551,0.280346002571024,0.2901240024050325,0.2993650022918358,0.3106520021187514,0.3203915019780025,0.3298040018466115,0.339860001700446,0.35020600152608006,0.36003900139328093,0.37020750136192887,0.38038000122748317,0.3896000012170896,0.4001175011844933,0.40988750110529365,0.41990000110853465,0.43009950116265566,0.4396150011500716,0.4501020011680573,0.4604780012626946,0.4698800013057142,0.47995250136818735,0.48977500137150287,0.5001075015581399,0.5098545013740658,0.5198920015048236,0.529994501542449,0.539780501447916,0.5500810014450177,0.5597860012596846,0.5693870012068376,0.5804005010668188,0.5901700008632242,0.5998145007692277,0.6106050006705522,0.6196405004391075,0.6295680001571774,0.6400320000064373,0.6501669997929037,0.6604584995894134,0.669989499578625,0.6794104996602237,0.6899154997196794,0.6995494996944069,0.7106184997951984,0.7203814999645949,0.7306800002540648,0.7404010004082322,0.7496980006176234,0.7596655008420348,0.7697535012054444,0.7796505013498664,0.7902745014888048,0.7997960015019775,0.810214001570046,0.8202390013065934,0.8302215011048317,0.8403645005527138,0.8500110001260042,0.8599259993949533,0.870007998458147,0.8798544974762201,0.8901584964722395,0.9001574954402447,0.9100234945052862,0.9199099935364723,0.930183492949605,0.9400274925333262,0.9498629925167561,0.9601704930943251,0.9701134941244125,0.9801294956701994,0.9899749976670742,1.0],"multiplexing":10,"num_error_happens":0,"num_photons":20,"num_qubits":200,"prob_e_vec":[0.0,0.009999999776482582,0.019999999552965164,0.029999999329447746,0.03999999910593033,0.05000000074505806,0.05999999865889549,0.07000000029802322,0.07999999821186066,0.09000000357627869,0.10000000149011612,0.10999999940395355,0.11999999731779099,0.12999999523162842,0.14000000059604645,0.15000000596046448,0.1599999964237213,0.17000000178813934,0.18000000715255737,0.1899999976158142,0.20000000298023224,0.20999999344348907,0.2199999988079071,0.23000000417232513,0.23999999463558197,0.25,0.25999999046325684,0.27000001072883606,0.2800000011920929,0.28999999165534973,0.30000001192092896,0.3100000023841858,0.3199999928474426,0.33000001311302185,0.3400000035762787,0.3499999940395355,0.36000001430511475,0.3700000047683716,0.3799999952316284,0.38999998569488525,0.4000000059604645,0.4099999964237213,0.41999998688697815,0.4300000071525574,0.4399999976158142,0.44999998807907104,0.46000000834465027,0.4699999988079071,0.47999998927116394,0.49000000953674316,0.5,0.5099999904632568,0.5199999809265137,0.5299999713897705,0.5400000214576721,0.550000011920929,0.5600000023841858,0.5699999928474426,0.5799999833106995,0.5899999737739563,0.6000000238418579,0.6100000143051147,0.6200000047683716,0.6299999952316284,0.6399999856948853,0.6499999761581421,0.6600000262260437,0.6700000166893005,0.6800000071525574,0.6899999976158142,0.699999988079071,0.7099999785423279,0.7200000286102295,0.7300000190734863,0.7400000095367432,0.75,0.7599999904632568,0.7699999809265137,0.7799999713897705,0.7900000214576721,0.800000011920929,0.8100000023841858,0.8199999928474426,0.8299999833106995,0.8399999737739563,0.8500000238418579,0.8600000143051147,0.8700000047683716,0.8799999952316284,0.8899999856948853,0.8999999761581421,0.9100000262260437,0.9200000166893005,0.9300000071525574,0.9399999976158142,0.949999988079071,0.9599999785423279,0.9700000286102295,0.9800000190734863,0.9900000095367432,1.0],"qubit list for each photon":[[101,147,183,75,107,170,174,41,113,140],[93,162,144,61,155,73,98,121,50,26],[1,146,59,168,104,142,176,109,94,103],[129,197,158,92,135,17,120,57,83,80],[179,116,110,0,55,24,58,191,65,16],[3,34,196,10,63,9,153,68,4,60],[31,167,5,154,117,70,88,138,76,54],[160,133,71,173,148,39,33,30,86,192],[105,131,156,19,165,6,164,53,137,62],[128,87,136,151,78,181,195,23,84,163],[7,172,18,149,29,193,91,112,8,108],[11,124,20,150,199,56,118,77,45,185],[157,32,125,126,139,12,190,123,97,13],[52,14,37,182,152,106,141,85,67,177],[15,99,119,115,72,49,69,169,189,178],[21,38,48,187,22,25,40,198,44,96],[111,64,89,186,27,130,66,102,90,145],[28,47,166,159,184,35,122,36,74,82],[42,175,43,132,180,46,127,171,51,114],[79,81,161,2,100,134,143,188,194,95]],"strategy":1,"success_rate":[[100000,0],[100000,0],[100000,0],[100000,0],[100000,0],[100000,0],[100000,0],[100000,0],[99999,1],[99999,1],[99996,4],[99993,7],[99993,7],[99989,11],[99969,31],[99961,39],[99932,68],[99897,103],[99838,162],[99810,190],[99704,296],[99608,392],[99426,574],[99234,766],[99079,921],[98709,1291],[98431,1569],[98022,1978],[97555,2445],[96930,3070],[96378,3622],[95487,4513],[94795,5205],[93663,6337],[92715,7285],[91364,8636],[90108,9892],[88585,11415],[86998,13002],[85528,14472],[83503,16497],[81592,18408],[79724,20276],[77507,22493],[75439,24561],[73115,26885],[70526,29474],[68418,31582],[66128,33872],[63693,36307],[60991,39009],[58717,41283],[56288,43712],[53870,46130],[51663,48337],[49663,50337],[47125,52875],[45073,54927],[43265,56735],[40917,59083],[39710,60290],[37419,62581],[36329,63671],[34706,65294],[33348,66652],[32654,67346],[31048,68952],[30279,69721],[29334,70666],[28863,71137],[28204,71796],[27551,72449],[27103,72897],[26551,73449],[26241,73759],[26055,73945],[25895,74105],[25690,74310],[25408,74592],[25325,74675],[25193,74807],[25088,74912],[25133,74867],[25082,74918],[24862,75138],[25063,74937],[24817,75183],[24951,75049],[24924,75076],[25165,74835],[25017,74983],[24953,75047],[25046,74954],[24885,75115],[25190,74810],[25224,74776],[24978,75022],[25271,74729],[25326,74674],[25039,74961],[24740,75260]],"time_fin":"20240612_193744","time_start":"20240612_155453",