{"lattice_size":[10,10,10,10,10,10,10,10,10,10],"loss rate average":[0.0,0.010021699781753123,0.020048599626123906,0.030025199573300777,0.039974799598436805,0.04999099968381226,0.059858699806779624,0.06996829990824685,0.08009309997497127,0.09006499996474013,0.10010149994214997,0.11002639990447088,0.12012229991272091,0.12997619997035711,0.1400610001033172,0.14989600022982805,0.1599147003317997,0.16993910033494233,0.17979430025562643,0.18984820016980172,0.199950800030306,0.2101146998823434,0.22003239975925534,0.2302415997927636,0.23997089984223247,0.24982439995396882,0.2601307001814246,0.2701456005062908,0.28003520074136556,0.29009050105728207,0.2998990012678504,0.30999430141068995,0.32025230145737527,0.32997320147663356,0.3398894012799859,0.35015100101858376,0.36008170061960815,0.37022280020028353,0.38027159976795316,0.39005829934969544,0.40000899891495706,0.40988609853178265,0.4199895981630683,0.42998569790840147,0.4397295977039635,0.44990429745435717,0.4599996972432733,0.4698130971463025,0.4797566969442368,0.4900986968925595,0.5003562967014312,0.5100224966686964,0.5201005967515707,0.529820596871078,0.5399079970365763,0.5501206973016262,0.5601161975321174,0.569835397939682,0.5800711982485652,0.5900232986193895,0.5999365990954637,0.6103628994175792,0.6200092997461557,0.629825400134325,0.6400722005462647,0.6501682009488344,0.6598683012330532,0.6698064015263319,0.6800625017490983,0.6900267017808557,0.7000020017319918,0.7100363017582894,0.719696001432538,0.7298922010087967,0.7400275004696846,0.7501167999780178,0.760223199262023,0.770121198809743,0.7801418982702494,0.7899639979231358,0.7999785978782177,0.810163197928071,0.8201186980366707,0.8301126982444524,0.8399972987246513,0.8500739991360903,0.8598582994699479,0.8699993997567892,0.8799984001749754,0.890003700619936,0.8999600010919571,0.9100186016738415,0.9201174019300937,0.9301297018229961,0.9400636014753581,0.9499451018190384,0.9599871037769317,0.9699966074389219,0.980057110735178,0.9899886084491014,1.0],"multiplexing":2,"num_error_happens":0,"num_photons":100,"num_qubits":200,"prob_e_vec":[0.0,0.009999999776482582,0.019999999552965164,0.029999999329447746,0.03999999910593033,0.05000000074505806,0.05999999865889549,0.07000000029802322,0.07999999821186066,0.09000000357627869,0.10000000149011612,0.10999999940395355,0.11999999731779099,0.12999999523162842,0.14000000059604645,0.15000000596046448,0.1599999964237213,0.17000000178813934,0.18000000715255737,0.1899999976158142,0.20000000298023224,0.20999999344348907,0.2199999988079071,0.23000000417232513,0.23999999463558197,0.25,0.25999999046325684,0.27000001072883606,0.2800000011920929,0.28999999165534973,0.30000001192092896,0.3100000023841858,0.3199999928474426,0.33000001311302185,0.3400000035762787,0.3499999940395355,0.36000001430511475,0.3700000047683716,0.3799999952316284,0.38999998569488525,0.4000000059604645,0.4099999964237213,0.41999998688697815,0.4300000071525574,0.4399999976158142,0.44999998807907104,0.46000000834465027,0.4699999988079071,0.47999998927116394,0.49000000953674316,0.5,0.5099999904632568,0.5199999809265137,0.5299999713897705,0.5400000214576721,0.550000011920929,0.5600000023841858,0.5699999928474426,0.5799999833106995,0.5899999737739563,0.6000000238418579,0.6100000143051147,0.6200000047683716,0.6299999952316284,0.6399999856948853,0.6499999761581421,0.6600000262260437,0.6700000166893005,0.6800000071525574,0.6899999976158142,0.699999988079071,0.7099999785423279,0.7200000286102295,0.7300000190734863,0.7400000095367432,0.75,0.7599999904632568,0.7699999809265137,0.7799999713897705,0.7900000214576721,0.800000011920929,0.8100000023841858,0.8199999928474426,0.8299999833106995,0.8399999737739563,0.8500000238418579,0.8600000143051147,0.8700000047683716,0.8799999952316284,0.8899999856948853,0.8999999761581421,0.9100000262260437,0.9200000166893005,0.9300000071525574,0.9399999976158142,0.949999988079071,0.9599999785423279,0.9700000286102295,0.9800000190734863,0.9900000095367432,1.0],"qubit list for each photon":[[96,139],[72,170],[102,145],[174,63],[99,158],[121,74],[106,98],[149,141],[176,138],[137,67],[36,147],[93,6],[184,134],[194,59],[75,159],[27,25],[82,136],[128,7],[110,199],[20,142],[116,120],[123,94],[29,90],[86,11],[48,19],[127,190],[26,64],[155,109],[0,65],[185,9],[23,111],[168,83],[189,187],[13,3],[107,85],[117,173],[47,161],[113,156],[122,76],[105,92],[164,16],[12,103],[80,163],[140,60],[32,97],[14,89],[135,124],[77,88],[43,55],[125,15],[195,153],[4,154],[1,44],[21,95],[160,71],[70,198],[172,188],[166,53],[178,56],[31,42],[40,51],[58,191],[112,52],[50,108],[2,175],[45,143],[181,30],[24,38],[114,35],[54,33],[132,28],[183,81],[68,34],[79,180],[115,46],[192,10],[5,41],[126,169],[148,133],[157,66],[100,146],[18,130],[8,118],[171,61],[17,119],[69,179],[150,162],[196,182],[22,197],[78,101],[167,49],[37,131],[39,104],[73,186],[57,151],[152,62],[84,129],[87,144],[91,165],[177,193]],"strategy":1,"success_rate":[[100000,0],[100000,0],[100000,0],[100000,0],[100000,0],[100000,0],[100000,0],[100000,0],[100000,0],[100000,0],[100000,0],[100000,0],[100000,0],[100000,0],[100000,0],[100000,0],[100000,0],[100000,0],[100000,0],[99999,1],[99996,4],[99994,6],[99994,6],[99989,11],[99979,21],[99953,47],[99953,47],[99911,89],[99865,135],[99795,205],[99674,326],[99472,528],[99314,686],[98963,1037],[98540,1460],[97914,2086],[97177,2823],[96399,3601],[94945,5055],[93654,6346],[91797,8203],[89703,10297],[87197,12803],[84545,15455],[81348,18652],[77893,22107],[74208,25792],[70416,29584],[66211,33789],[61740,38260],[57591,42409],[53656,46344],[49932,50068],[46128,53872],[42956,57044],[39633,60367],[37120,62880],[34840,65160],[32710,67290],[31201,68799],[29528,70472],[28319,71681],[27695,72305],[26902,73098],[26367,73633],[25948,74052],[25700,74300],[25793,74207],[25244,74756],[25382,74618],[25074,74926],[25041,74959],[25112,74888],[25373,74627],[24936,75064],[24690,75310],[25086,74914],[25034,74966],[25062,74938],[24980,75020],[25107,74893],[25080,74920],[25161,74839],[24834,75166],[24862,75138],[24813,75187],[25103,74897],[24837,75163],[24961,75039],[25087,74913],[25009,74991],[25006,74994],[24996,75004],[25038,74962],[25115,74885],[25078,74922],[24987,75013],[25118,74882],[24853,75147],[25015,74985],[24963,75037]],"time_fin":"20240612_194637","time_start":"20240612_155452",