{"lattice_size":[10,10,10,10,10,10,10,10,10,10],"loss rate average":[0.0,0.010000749814538286,0.01997544980172068,0.030025199903799222,0.04000949998459779,0.050089999963669106,0.06005454996590503,0.06999935005570762,0.0800078001313936,0.08998020011259243,0.09989095002479852,0.10987664993792773,0.11991504995703697,0.1299452501316741,0.1400117003671825,0.1501098505515605,0.16008495064020156,0.17006840050548316,0.18001670022897423,0.18975914989858866,0.1999310495185852,0.20982004919178784,0.2198167989461869,0.230186098716259,0.2397917985828966,0.24994799854323269,0.2599189485408366,0.2701089987026155,0.2800362488529086,0.28996514912933113,0.30003324948832394,0.3099100498099625,0.31990730008751156,0.32972900029733776,0.3400482003866136,0.35005740040019157,0.3599764502902329,0.36989385011553766,0.3800136499278247,0.3899705997440219,0.39979944965422154,0.40997774963527917,0.42022844966471196,0.4299653997352719,0.4399459498333931,0.4500849498048425,0.4600095497357845,0.47016354954987766,0.47997439916551116,0.4899414988669753,0.49995984856158493,0.5099229983821512,0.5199583484733105,0.5301257987245918,0.5400057990822196,0.549778999414146,0.5601082497024537,0.5699744500678777,0.5797984503883123,0.5901216004624963,0.599934250536561,0.6099239003553987,0.6201477002474666,0.6299128498759866,0.6399342495393753,0.6499289494222402,0.6599776995009183,0.6699807495927811,0.6798164497578144,0.6899239500892163,0.7000723502773046,0.7101042006343603,0.7200673507118225,0.7299478507941961,0.7400658503824472,0.7499841497993469,0.7601209994095564,0.770150249170661,0.7799502992099524,0.7900274995654821,0.7999316498178244,0.8099838498502969,0.819995249915719,0.8299828503251075,0.839934800954461,0.84997265165627,0.8600431016141177,0.8699858504414558,0.8800395486253499,0.8898958475393057,0.8999970480114221,0.9098997501754761,0.9199962019753456,0.9299246013605594,0.9400076481103897,0.9499809450572729,0.9600133468925953,0.969998755106926,0.9800345626276732,0.9900061592710018,1.0],"multiplexing":1,"num_error_happens":0,"num_photons":200,"num_qubits":200,"prob_e_vec":[0.0,0.009999999776482582,0.019999999552965164,0.029999999329447746,0.03999999910593033,0.05000000074505806,0.05999999865889549,0.07000000029802322,0.07999999821186066,0.09000000357627869,0.10000000149011612,0.10999999940395355,0.11999999731779099,0.12999999523162842,0.14000000059604645,0.15000000596046448,0.1599999964237213,0.17000000178813934,0.18000000715255737,0.1899999976158142,0.20000000298023224,0.20999999344348907,0.2199999988079071,0.23000000417232513,0.23999999463558197,0.25,0.25999999046325684,0.27000001072883606,0.2800000011920929,0.28999999165534973,0.30000001192092896,0.3100000023841858,0.3199999928474426,0.33000001311302185,0.3400000035762787,0.3499999940395355,0.36000001430511475,0.3700000047683716,0.3799999952316284,0.38999998569488525,0.4000000059604645,0.4099999964237213,0.41999998688697815,0.4300000071525574,0.4399999976158142,0.44999998807907104,0.46000000834465027,0.4699999988079071,0.47999998927116394,0.49000000953674316,0.5,0.5099999904632568,0.5199999809265137,0.5299999713897705,0.5400000214576721,0.550000011920929,0.5600000023841858,0.5699999928474426,0.5799999833106995,0.5899999737739563,0.6000000238418579,0.6100000143051147,0.6200000047683716,0.6299999952316284,0.6399999856948853,0.6499999761581421,0.6600000262260437,0.6700000166893005,0.6800000071525574,0.6899999976158142,0.699999988079071,0.7099999785423279,0.7200000286102295,0.7300000190734863,0.7400000095367432,0.75,0.7599999904632568,0.7699999809265137,0.7799999713897705,0.7900000214576721,0.800000011920929,0.8100000023841858,0.8199999928474426,0.8299999833106995,0.8399999737739563,0.8500000238418579,0.8600000143051147,0.8700000047683716,0.8799999952316284,0.8899999856948853,0.8999999761581421,0.9100000262260437,0.9200000166893005,0.9300000071525574,0.9399999976158142,0.949999988079071,0.9599999785423279,0.9700000286102295,0.9800000190734863,0.9900000095367432,1.0],"qubit list for each photon":[[0],[1],[2],[3],[4],[5],[6],[7],[8],[9],[10],[11],[12],[13],[14],[15],[16],[17],[18],[19],[20],[21],[22],[23],[24],[25],[26],[27],[28],[29],[30],[31],[32],[33],[34],[35],[36],[37],[38],[39],[40],[41],[42],[43],[44],[45],[46],[47],[48],[49],[50],[51],[52],[53],[54],[55],[56],[57],[58],[59],[60],[61],[62],[63],[64],[65],[66],[67],[68],[69],[70],[71],[72],[73],[74],[75],[76],[77],[78],[79],[80],[81],[82],[83],[84],[85],[86],[87],[88],[89],[90],[91],[92],[93],[94],[95],[96],[97],[98],[99],[100],[101],[102],[103],[104],[105],[106],[107],[108],[109],[110],[111],[112],[113],[114],[115],[116],[117],[118],[119],[120],[121],[122],[123],[124],[125],[126],[127],[128],[129],[130],[131],[132],[133],[134],[135],[136],[137],[138],[139],[140],[141],[142],[143],[144],[145],[146],[147],[148],[149],[150],[151],[152],[153],[154],[155],[156],[157],[158],[159],[160],[161],[162],[163],[164],[165],[166],[167],[168],[169],[170],[171],[172],[173],[174],[175],[176],[177],[178],[179],[180],[181],[182],[183],[184],[185],[186],[187],[188],[189],[190],[191],[192],[193],[194],[195],[196],[197],[198],[199]],"strategy":0,"success_rate":[[100000,0],[100000,0],[100000,0],[100000,0],[100000,0],[100000,0],[100000,0],[100000,0],[100000,0],[100000,0],[100000,0],[100000,0],[100000,0],[100000,0],[100000,0],[100000,0],[100000,0],[100000,0],[100000,0],[99998,2],[99998,2],[99999,1],[99999,1],[99996,4],[99994,6],[99985,15],[99972,28],[99963,37],[99937,63],[99908,92],[99856,144],[99762,238],[99652,348],[99420,580],[99196,804],[98849,1151],[98301,1699],[97693,2307],[96727,3273],[95475,4525],[94079,5921],[92198,7802],[89689,10311],[87018,12982],[83851,16149],[80405,19595],[75900,24100],[71725,28275],[67219,32781],[62561,37439],[57409,42591],[53401,46599],[49033,50967],[44763,55237],[41438,58562],[38171,61829],[35330,64670],[32859,67141],[31351,68649],[29520,70480],[28391,71609],[27443,72557],[26724,73276],[26438,73562],[25864,74136],[25729,74271],[25687,74313],[25476,74524],[25153,74847],[25109,74891],[24628,75372],[25058,74942],[25121,74879],[25022,74978],[24943,75057],[25029,74971],[25082,74918],[24831,75169],[25297,74703],[24981,75019],[24791,75209],[24892,75108],[24816,75184],[24869,75131],[24825,75175],[24840,75160],[24820,75180],[25153,74847],[24985,75015],[25003,74997],[25033,74967],[25258,74742],[24824,75176],[24996,75004],[24999,75001],[24975,75025],[25000,75000],[25292,74708],[24879,75121],[24996,75004],[24951,75049]],"time_fin":"20240612_193115","time_start":"20240612_155450",