{"lattice_size":[14,14,14,14,14,14,14,14,14,14,14,14,14,14],"loss rate average":[0.0,0.00994306108303368,0.019998367231227457,0.030011836788216607,0.039967857445627454,0.05000836789475754,0.06020408235776238,0.07005540897782891,0.08003775593253784,0.08999744982376695,0.1000453069603257,0.10991142943370157,0.11991591928345151,0.13015653160229326,0.13986734805144369,0.15011591960988938,0.1601996952337213,0.1698945932913199,0.17991561374269427,0.18997908314358444,0.20000275650676339,0.21000336863666774,0.21987377665005625,0.22987612340465188,0.23993673548109828,0.24992377622269094,0.2600037760385126,0.2701194902782142,0.2799957147553563,0.2902087760082632,0.29988602095291017,0.3102661230489612,0.32023051092639565,0.3301507150225341,0.34005132740423083,0.34982010300725697,0.3599442868308723,0.37006755218178033,0.37987061349466444,0.39001979720428587,0.40007153194099665,0.40996898091346023,0.41978826655879614,0.4301322460414469,0.4403179600198567,0.4500953066524863,0.4598541837760806,0.47004601990967987,0.4799857131122053,0.49016632477641103,0.4997883650004864,0.5099608135014773,0.5198220376965403,0.5299419355365634,0.5398402009528875,0.549761833921969],"multiplexing":4,"num_error_happens":0,"num_photons":98,"num_qubits":392,"prob_e_vec":[0.0,0.009999999776482582,0.019999999552965164,0.029999999329447746,0.03999999910593033,0.05000000074505806,0.05999999865889549,0.07000000029802322,0.07999999821186066,0.09000000357627869,0.10000000149011612,0.10999999940395355,0.11999999731779099,0.12999999523162842,0.14000000059604645,0.15000000596046448,0.1599999964237213,0.17000000178813934,0.18000000715255737,0.1899999976158142,0.20000000298023224,0.20999999344348907,0.2199999988079071,0.23000000417232513,0.23999999463558197,0.25,0.25999999046325684,0.27000001072883606,0.2800000011920929,0.28999999165534973,0.30000001192092896,0.3100000023841858,0.3199999928474426,0.33000001311302185,0.3400000035762787,0.3499999940395355,0.36000001430511475,0.3700000047683716,0.3799999952316284,0.38999998569488525,0.4000000059604645,0.4099999964237213,0.41999998688697815,0.4300000071525574,0.4399999976158142,0.44999998807907104,0.46000000834465027,0.4699999988079071,0.47999998927116394,0.49000000953674316,0.5,0.5099999904632568,0.5199999809265137,0.5299999713897705,0.5400000214576721,0.550000011920929],"qubit list for each photon":[[256,286,74,76],[352,181,20,325],[376,237,371,57],[148,319,249,9],[59,80,139,313],[285,130,310,123],[34,122,73,359],[274,296,113,198],[242,337,169,218],[185,154,214,66],[196,301,84,29],[239,21,262,272],[156,12,342,63],[77,90,208,157],[38,364,64,42],[18,118,53,349],[336,144,279,96],[103,37,41,241],[375,194,222,207],[292,227,159,228],[193,211,30,213],[116,299,131,171],[189,356,50,243],[300,10,357,324],[100,264,216,147],[259,343,210,67],[111,163,28,333],[98,332,83,358],[204,258,348,328],[46,143,82,110],[97,302,199,58],[165,382,221,344],[268,278,283,187],[312,167,78,368],[174,234,89,88],[182,338,120,291],[33,140,188,177],[112,391,255,104],[372,304,331,126],[129,11,261,146],[166,15,223,69],[121,91,135,390],[263,287,267,386],[72,341,217,326],[150,329,362,127],[323,87,141,16],[92,321,314,55],[385,134,142,71],[40,152,86,23],[128,164,315,35],[366,355,297,114],[124,280,195,240],[60,161,176,236],[99,346,377,27],[0,183,85,145],[311,290,168,14],[68,138,32,109],[284,186,219,75],[363,39,206,309],[384,52,245,265],[378,106,215,318],[209,22,125,17],[238,54,212,179],[5,306,102,180],[220,389,327,26],[155,192,250,175],[353,201,369,253],[70,374,246,115],[347,277,270,132],[334,24,252,273],[117,137,178,13],[303,330,275,289],[202,248,381,282],[93,191,254,244],[340,225,247,370],[136,322,200,360],[1,172,233,305],[151,51,162,388],[317,373,379,44],[351,387,380,229],[31,365,7,173],[354,232,260,45],[288,308,119,36],[276,94,251,56],[224,298,170,101],[350,345,160,61],[257,48,269,383],[2,47,293,307],[205,335,281,361],[62,19,316,105],[158,266,149,81],[25,367,294,339],[95,108,3,190],[49,203,153,235],[4,320,79,230],[226,6,133,295],[8,197,107,271],[43,231,65,184]],"strategy":1,"success_rate":[[100000,0],[100000,0],[100000,0],[100000,0],[100000,0],[100000,0],[100000,0],[100000,0],[100000,0],[100000,0],[100000,0],[100000,0],[100000,0],[100000,0],[100000,0],[100000,0],[100000,0],[100000,0],[100000,0],[100000,0],[100000,0],[100000,0],[99997,3],[99998,2],[99999,1],[99994,6],[99989,11],[99974,26],[99952,48],[99944,56],[99879,121],[99802,198],[99709,291],[99511,489],[99265,735],[98864,1136],[98332,1668],[97666,2334],[96721,3279],[95577,4423],[93937,6063],[92023,7977],[89865,10135],[87063,12937],[83861,16139],[80330,19670],[76494,23506],[72079,27921],[67912,32088],[63347,36653],[59020,40980],[54457,45543],[50179,49821],[46076,53924],[42527,57473],[39314,60686]],"time_fin":"20240620_184721","time_start":"20240620_163555","z error rate average":[0.0,0.004962908177128993,0.010012244977294468,0.015030790952083189,0.019995102226000743,0.025044566544694825,0.03011563800377771,0.0350421686362708,0.04003964313776232,0.04501061252834974,0.05000701557903318,0.05494229617770296,0.06000545942349127,0.06505359715857077,0.06998380124038085,0.07504183693976141,0.08007913284749724,0.08493341855634004,0.09001755119550973,0.0949628317711316,0.09998433683487587,0.10504339290902019,0.10994599487055093,0.11495790807278827,0.12005005084933713,0.1249818620365858,0.12994102014739067,0.13504099458713084,0.13996977010492234,0.1450519894764945,0.14992311193950475,0.15511775478612633,0.16012071401368827,0.16498076507210732,0.1700047447306663,0.17488135187506676,0.17992946419857442,0.18507624991826713,0.18995724486730992,0.1950316836166382,0.20004436221152544,0.20488329074792563,0.20991499990694223,0.2149998722859472,0.22011811200395226,0.22506482106752693,0.22991385157369076,0.23503599436484277,0.23996691256836056,0.2450669889935106,0.24982599405623973,0.25494420829579234,0.2599195143985748,0.26492785625487564,0.2698799991516769,0.27484675945162773]}