{"lattice_size":[20,20,20,20,20,20,20,20,20,20,20,20,20,20,20,20,20,20,20,20],"loss rate average":[0.0,0.010044799813134596,0.019966449802014976,0.030037399901347236,0.03991364998416975,0.05001054995636456,0.060073449961952866,0.06999510004993528,0.0800432001263369,0.09006185011710971,0.10000515001753345,0.10999759994590655,0.12006599997444078,0.13011255013410003,0.14005850037172438,0.14993160052556545,0.1598950006378442,0.1700390005164221,0.1799726002432406,0.18996029988199473,0.2000697495274991,0.2099369991809875,0.21982809889525176,0.23005864868171513,0.23996034855425358,0.2499914485360682,0.25998199857220056,0.270033948713541,0.27993259890392425,0.2899634491804242,0.29993894953042266,0.30985909979566933,0.3199738000755012,0.3300060003104806],"multiplexing":4,"num_error_happens":0,"num_photons":200,"num_qubits":800,"prob_e_vec":[0.0,0.009999999776482582,0.019999999552965164,0.029999999329447746,0.03999999910593033,0.05000000074505806,0.05999999865889549,0.07000000029802322,0.07999999821186066,0.09000000357627869,0.10000000149011612,0.10999999940395355,0.11999999731779099,0.12999999523162842,0.14000000059604645,0.15000000596046448,0.1599999964237213,0.17000000178813934,0.18000000715255737,0.1899999976158142,0.20000000298023224,0.20999999344348907,0.2199999988079071,0.23000000417232513,0.23999999463558197,0.25,0.25999999046325684,0.27000001072883606,0.2800000011920929,0.28999999165534973,0.30000001192092896,0.3100000023841858,0.3199999928474426,0.33000001311302185],"qubit list for each photon":[[124,243,562,286],[217,363,722,502],[506,737,399,297],[435,15,644,723],[256,51,108,434],[229,304,655,491],[615,230,144,360],[78,107,454,315],[499,205,250,629],[548,7,622,786],[513,598,252,279],[684,669,236,196],[559,518,77,52],[442,450,82,145],[645,778,561,790],[677,218,228,711],[64,702,221,237],[745,153,69,498],[647,517,115,253],[120,538,706,628],[321,571,596,403],[796,176,157,740],[332,531,555,406],[89,411,579,594],[465,201,611,91],[261,311,259,100],[661,331,719,234],[482,680,16,109],[163,183,179,156],[122,79,41,17],[4,19,59,146],[280,448,687,193],[572,241,781,634],[587,656,38,364],[5,603,546,658],[132,577,413,436],[665,303,148,224],[526,289,290,536],[274,277,554,346],[422,13,734,177],[759,87,576,630],[265,276,676,686],[314,354,22,138],[710,136,35,421],[488,273,547,553],[306,574,607,400],[767,118,63,620],[189,386,418,310],[39,458,753,142],[244,258,192,68],[707,496,283,26],[588,365,149,771],[651,585,595,693],[80,389,9,578],[487,567,24,467],[327,381,674,408],[401,670,417,464],[28,725,155,744],[101,649,791,549],[750,584,85,57],[519,700,592,226],[412,372,116,459],[626,625,472,198],[602,106,339,489],[613,703,772,50],[165,316,507,795],[378,75,714,695],[45,388,152,133],[362,61,48,350],[178,347,86,215],[752,126,742,245],[231,729,174,175],[751,343,537,605],[527,367,102,580],[238,663,318,782],[515,353,291,351],[560,181,785,34],[358,154,268,708],[721,336,368,25],[186,27,423,543],[477,227,616,73],[254,352,415,463],[535,681,98,441],[127,784,66,397],[202,317,758,783],[438,512,294,558],[591,405,29,326],[493,608,673,743],[54,255,544,212],[62,159,503,383],[601,419,660,581],[220,427,428,272],[794,468,110,568],[305,139,135,341],[776,731,223,105],[443,455,208,550],[736,6,31,44],[113,284,589,313],[296,586,456,747],[727,457,769,166],[266,340,447,653],[216,799,74,494],[521,232,473,514],[439,307,169,111],[203,508,309,452],[235,516,582,484],[334,168,88,173],[495,338,566,475],[137,461,698,150],[509,248,262,637],[652,404,792,333],[675,330,190,376],[140,433,530,528],[533,657,182,32],[348,379,263,92],[8,123,556,600],[359,765,390,76],[10,319,275,18],[541,302,271,593],[551,329,40,685],[726,374,524,569],[635,42,640,71],[191,320,619,425],[741,131,392,23],[84,715,483,395],[636,557,384,298],[504,398,167,14],[195,47,659,564],[789,21,56,323],[210,777,709,184],[267,409,20,246],[471,162,429,690],[445,754,344,240],[762,643,97,312],[732,104,370,172],[712,694,469,361],[705,300,285,207],[479,638,260,597],[366,773,713,529],[664,718,377,3],[160,444,497,798],[292,199,249,129],[410,724,58,604],[396,60,197,570],[114,328,128,219],[426,539,470,36],[787,222,631,288],[763,476,67,440],[689,70,225,391],[610,96,678,755],[532,90,462,161],[269,141,72,371],[432,632,486,375],[671,188,194,349],[301,627,211,525],[511,780,573,414],[322,257,270,394],[692,542,12,299],[701,757,30,565],[278,563,287,93],[668,233,453,478],[407,420,697,756],[158,143,460,746],[187,357,416,501],[779,99,449,641],[545,43,95,788],[33,667,733,200],[679,696,633,83],[624,590,117,522],[688,639,500,728],[337,164,612,505],[764,119,749,385],[214,264,768,53],[774,402,730,125],[583,446,342,523],[209,46,492,134],[770,94,510,373],[609,424,151,281],[621,520,599,37],[618,49,534,575],[480,797,720,606],[325,793,369,717],[760,761,180,185],[55,654,474,380],[356,206,540,130],[650,308,704,683],[430,735,739,648],[247,642,382,112],[738,121,251,282],[324,213,295,147],[65,662,646,699],[716,355,81,170],[691,239,437,617],[0,682,485,775],[666,466,552,481],[171,387,623,204],[614,766,1,242],[451,345,335,431],[393,2,293,748],[11,672,103,490]],"strategy":1,"success_rate":[[100000,0],[100000,0],[100000,0],[100000,0],[100000,0],[100000,0],[100000,0],[100000,0],[100000,0],[100000,0],[100000,0],[100000,0],[100000,0],[100000,0],[100000,0],[100000,0],[100000,0],[100000,0],[100000,0],[100000,0],[100000,0],[100000,0],[100000,0],[100000,0],[100000,0],[100000,0],[99999,1],[100000,0],[100000,0],[99996,4],[99993,7],[99988,12],[99980,20],[99961,39]],"time_fin":"20240620_171157","time_start":"20240620_163556","z error rate average":[0.0,0.005010237465784885,0.009979962483488489,0.01501318750022212,0.019963200010210274,0.02501811251629144,0.03004868753506569,0.03500698754776502,0.040002350030827805,0.04506188746933825,0.04998001239187084,0.05499469982841052,0.060044174786563966,0.06504156228231266,0.07004972482133656,0.07499521236574277,0.0799304749153182,0.08504297493822872,0.09002359997101128,0.09499412495557219,0.10002618743982165,0.10492866242311895,0.1098821998888813,0.11504382485624402,0.11995451236899943,0.12500161235678942,0.1300166373598203,0.13498843737341465,0.1399444873856008,0.14500337493546306,0.15001379994764924,0.15497357494480907,0.16002256246641278,0.16499761247873307]}