{"lattice_size":[16,16,16,16,16,16,16,16,16,16,16,16,16,16,16,16],"loss rate average":[0.0,0.010031953125,0.019926328125,0.030032578125,0.039970625,0.04996484375,0.059912265625,0.06996375,0.080065078125,0.09005796875,0.100042109375,0.1099021875,0.119771015625,0.129974296875,0.14005015625,0.14999609375,0.159849453125,0.170250703125,0.17975078125,0.190078671875,0.19995828125,0.20994578125,0.22022875,0.230041328125,0.239883828125,0.250107734375,0.26011390625,0.2699459375,0.28003875,0.290018828125,0.2998965625,0.3101009375,0.320195703125,0.33011796875,0.3401834375,0.349836171875,0.36028484375],"multiplexing":4,"num_error_happens":0,"num_photons":128,"num_qubits":512,"prob_e_vec":[0.0,0.009999999776482582,0.019999999552965164,0.029999999329447746,0.03999999910593033,0.05000000074505806,0.05999999865889549,0.07000000029802322,0.07999999821186066,0.09000000357627869,0.10000000149011612,0.10999999940395355,0.11999999731779099,0.12999999523162842,0.14000000059604645,0.15000000596046448,0.1599999964237213,0.17000000178813934,0.18000000715255737,0.1899999976158142,0.20000000298023224,0.20999999344348907,0.2199999988079071,0.23000000417232513,0.23999999463558197,0.25,0.25999999046325684,0.27000001072883606,0.2800000011920929,0.28999999165534973,0.30000001192092896,0.3100000023841858,0.3199999928474426,0.33000001311302185,0.3400000035762787,0.3499999940395355,0.36000001430511475],"qubit list for each photon":[[470,490,232,266],[134,406,114,341],[119,20,101,424],[23,494,361,201],[72,39,164,506],[111,64,430,254],[108,61,185,24],[172,175,102,29],[25,165,503,113],[70,454,325,261],[331,110,186,112],[482,367,342,485],[379,93,230,347],[26,375,448,340],[140,423,283,301],[62,174,204,245],[393,237,370,385],[373,434,154,142],[491,291,149,166],[440,59,160,317],[144,250,234,209],[280,48,153,187],[257,479,476,362],[252,265,4,125],[228,436,372,158],[437,318,442,428],[417,33,431,220],[43,50,382,156],[28,155,168,211],[433,489,13,200],[159,60,73,348],[31,314,336,277],[293,47,244,8],[63,51,173,79],[477,34,460,414],[100,223,450,492],[35,308,484,286],[402,57,466,332],[376,312,366,268],[227,487,273,316],[358,135,399,384],[333,0,161,37],[413,32,189,109],[97,422,355,190],[193,151,387,163],[294,75,319,328],[425,416,127,394],[14,369,260,22],[42,136,178,500],[483,502,412,106],[468,374,225,408],[334,415,54,183],[210,68,206,40],[45,170,349,78],[303,10,219,360],[473,49,99,147],[226,338,58,421],[480,302,464,36],[124,300,202,400],[53,281,235,19],[380,418,326,310],[77,297,241,103],[145,123,295,452],[363,350,222,296],[441,469,274,242],[249,214,56,221],[150,329,236,356],[224,377,343,207],[65,501,137,133],[148,364,461,180],[258,456,66,397],[275,55,128,403],[279,239,247,309],[475,298,383,320],[285,463,38,305],[505,451,498,6],[453,229,359,378],[324,352,90,251],[74,321,354,21],[306,132,80,167],[81,478,118,323],[447,410,196,392],[82,462,287,432],[233,215,449,12],[199,278,152,307],[315,365,188,195],[381,253,76,116],[339,248,18,511],[86,330,465,313],[439,445,157,95],[407,398,87,182],[94,426,446,184],[429,96,459,420],[217,371,88,444],[231,131,117,472],[267,69,203,427],[344,15,496,92],[276,457,435,146],[98,263,272,396],[499,104,7,243],[16,481,419,212],[44,85,497,488],[386,197,139,177],[121,194,115,126],[129,246,368,390],[130,71,486,357],[404,290,122,353],[213,138,171,46],[169,401,335,304],[282,176,198,351],[322,395,474,179],[495,240,9,411],[191,467,41,327],[205,30,493,11],[52,337,91,471],[264,271,255,218],[259,256,269,443],[292,238,438,289],[284,141,17,389],[107,409,458,27],[346,105,391,455],[84,181,1,508],[509,510,83,288],[5,120,270,311],[192,216,208,2],[504,162,89,67],[405,507,345,262],[299,143,3,388]],"strategy":1,"success_rate":[[100000,0],[100000,0],[100000,0],[100000,0],[100000,0],[100000,0],[100000,0],[100000,0],[100000,0],[100000,0],[100000,0],[100000,0],[100000,0],[100000,0],[100000,0],[100000,0],[100000,0],[100000,0],[100000,0],[100000,0],[100000,0],[100000,0],[100000,0],[99999,1],[99999,1],[99995,5],[99994,6],[99993,7],[99987,13],[99978,22],[99947,53],[99927,73],[99864,136],[99773,227],[99643,357],[99394,606],[99070,930]],"time_fin":"20240620_165746","time_start":"20240620_163553","z error rate average":[0.0,0.00501421875,0.00996947265625,0.01501072265625,0.01997591796875,0.02497916015625,0.02996998046875,0.03498607421875,0.04004119140625,0.04501244140625,0.0500490234375,0.05495431640625,0.0598985546875,0.0650104296875,0.07002857421875,0.0749719140625,0.0799721875,0.0851530078125,0.08984994140625,0.0950066796875,0.10001412109375,0.10501345703125,0.11009375,0.1150465625,0.11988677734375,0.1250554296875,0.13005775390625,0.13498541015625,0.14007568359375,0.14505140625,0.14988251953125,0.15511787109375,0.16012005859375,0.1650653125,0.17012109375,0.1749773828125,0.1801191015625]}