{"lattice_size":[8,8,8,8,8,8,8,8],"loss rate average":[0.0,0.010083125,0.020095625,0.0300921875,0.039808125,0.04998875,0.0600359375,0.0699559375,0.0797390625,0.08981625,0.099908125,0.10981625,0.1205253125,0.1302834375,0.139919375,0.1500003125,0.160023125,0.1697846875,0.1799221875,0.189835,0.2000371875,0.2101378125,0.2198425,0.2299509375,0.24007375,0.2500646875,0.260145625,0.2697734375,0.2798628125,0.289925,0.2999390625,0.3103178125,0.320240625,0.33018125,0.3401684375,0.349855625,0.360219375,0.369841875,0.3800425,0.3901471875,0.39975625,0.40988375,0.420049375,0.4299203125,0.4399590625,0.44999375,0.460248125,0.4700896875,0.4799425,0.490174375,0.5000465625,0.50993125,0.520078125,0.529663125,0.54013625,0.55045625,0.559764375,0.5703828125,0.5799396875,0.58993125,0.599868125,0.6108275,0.6200015625,0.6302740625,0.6401378125,0.6498596875,0.66014625,0.6696603125,0.68046625,0.68988375,0.700013125,0.7101171875,0.7205346875,0.72988625,0.739794375,0.74964125,0.7596765625,0.770370625,0.77977125,0.7900090625,0.8000621875,0.8099778125,0.820163125,0.83025,0.8401421875,0.8500825,0.859571875,0.8696578125,0.879838125,0.88973,0.89994,0.909970625,0.9198540625,0.930013125,0.9398690625,0.950159375,0.9602009375,0.96984875,0.9799371875,0.9900109375,1.0],"multiplexing":4,"num_error_happens":0,"num_photons":32,"num_qubits":128,"prob_e_vec":[0.0,0.009999999776482582,0.019999999552965164,0.029999999329447746,0.03999999910593033,0.05000000074505806,0.05999999865889549,0.07000000029802322,0.07999999821186066,0.09000000357627869,0.10000000149011612,0.10999999940395355,0.11999999731779099,0.12999999523162842,0.14000000059604645,0.15000000596046448,0.1599999964237213,0.17000000178813934,0.18000000715255737,0.1899999976158142,0.20000000298023224,0.20999999344348907,0.2199999988079071,0.23000000417232513,0.23999999463558197,0.25,0.25999999046325684,0.27000001072883606,0.2800000011920929,0.28999999165534973,0.30000001192092896,0.3100000023841858,0.3199999928474426,0.33000001311302185,0.3400000035762787,0.3499999940395355,0.36000001430511475,0.3700000047683716,0.3799999952316284,0.38999998569488525,0.4000000059604645,0.4099999964237213,0.41999998688697815,0.4300000071525574,0.4399999976158142,0.44999998807907104,0.46000000834465027,0.4699999988079071,0.47999998927116394,0.49000000953674316,0.5,0.5099999904632568,0.5199999809265137,0.5299999713897705,0.5400000214576721,0.550000011920929,0.5600000023841858,0.5699999928474426,0.5799999833106995,0.5899999737739563,0.6000000238418579,0.6100000143051147,0.6200000047683716,0.6299999952316284,0.6399999856948853,0.6499999761581421,0.6600000262260437,0.6700000166893005,0.6800000071525574,0.6899999976158142,0.699999988079071,0.7099999785423279,0.7200000286102295,0.7300000190734863,0.7400000095367432,0.75,0.7599999904632568,0.7699999809265137,0.7799999713897705,0.7900000214576721,0.800000011920929,0.8100000023841858,0.8199999928474426,0.8299999833106995,0.8399999737739563,0.8500000238418579,0.8600000143051147,0.8700000047683716,0.8799999952316284,0.8899999856948853,0.8999999761581421,0.9100000262260437,0.9200000166893005,0.9300000071525574,0.9399999976158142,0.949999988079071,0.9599999785423279,0.9700000286102295,0.9800000190734863,0.9900000095367432,1.0],"qubit list for each photon":[[68,123,64,106],[12,4,0,9],[6,78,45,110],[105,19,113,79],[42,77,97,121],[34,118,53,76],[124,85,108,98],[7,91,99,22],[8,33,56,58],[82,31,89,27],[122,95,62,75],[94,37,10,2],[13,93,39,49],[43,14,54,47],[52,23,117,70],[40,15,81,24],[16,3,32,1],[20,92,88,103],[86,71,69,112],[120,100,21,74],[25,116,48,60],[119,11,67,28],[29,80,87,109],[104,111,72,38],[30,57,35,51],[50,17,115,41],[44,90,114,18],[55,61,84,46],[63,65,101,107],[66,102,73,26],[96,36,126,127],[5,83,59,125]],"strategy":1,"success_rate":[[100000,0],[100000,0],[100000,0],[100000,0],[100000,0],[100000,0],[100000,0],[100000,0],[100000,0],[99999,1],[99999,1],[99998,2],[99996,4],[99990,10],[99989,11],[99979,21],[99976,24],[99961,39],[99942,58],[99894,106],[99848,152],[99783,217],[99684,316],[99595,405],[99390,610],[99234,766],[98993,1007],[98598,1402],[98245,1755],[97692,2308],[97220,2780],[96435,3565],[95667,4333],[94760,5240],[93783,6217],[92575,7425],[91136,8864],[89553,10447],[88053,11947],[86088,13912],[84331,15669],[81932,18068],[79664,20336],[77204,22796],[75048,24952],[72083,27917],[69553,30447],[66676,33324],[63705,36295],[61215,38785],[58434,41566],[55602,44398],[52863,47137],[50534,49466],[47946,52054],[45398,54602],[43319,56681],[41187,58813],[39121,60879],[37391,62609],[35673,64327],[34114,65886],[33032,66968],[31577,68423],[30384,69616],[29473,70527],[28852,71148],[28041,71959],[27485,72515],[27136,72864],[26569,73431],[26024,73976],[25672,74328],[25644,74356],[25649,74351],[25439,74561],[25354,74646],[25283,74717],[25256,74744],[25245,74755],[25239,74761],[25226,74774],[25023,74977],[25070,74930],[24876,75124],[24787,75213],[25049,74951],[24957,75043],[25267,74733],[25253,74747],[25056,74944],[24975,75025],[24951,75049],[25010,74990],[25266,74734],[25005,74995],[25075,74925],[24840,75160],[24955,75045],[24893,75107],[25096,74904]],"time_fin":"20240620_175944","time_start":"20240620_163554","z error rate average":[0.0,0.00503984375,0.010048203125,0.01505390625,0.0199134375,0.02497921875,0.030035078125,0.034973125,0.03983375,0.044913125,0.04997765625,0.054924765625,0.060217578125,0.065053984375,0.069882421875,0.07503140625,0.08002515625,0.084791484375,0.08992484375,0.094912421875,0.1000321875,0.10509375,0.1098496875,0.114884609375,0.120019609375,0.125083828125,0.129969296875,0.134889765625,0.1398853125,0.144878984375,0.150052265625,0.1551259375,0.16024859375,0.165147578125,0.17006171875,0.174883984375,0.18003671875,0.18505328125,0.1900003125,0.195191328125,0.19986734375,0.204995859375,0.20987921875,0.215109765625,0.21999015625,0.22507234375,0.230177265625,0.235035390625,0.239913984375,0.244924296875,0.249971015625,0.25492953125,0.260159921875,0.26478921875,0.26997796875,0.275445859375,0.27989109375,0.285126328125,0.289975625,0.294988984375,0.299896640625,0.305412421875,0.3099734375,0.31511953125,0.320196484375,0.32492546875,0.330199453125,0.334685078125,0.3401509375,0.344869765625,0.35005765625,0.355159609375,0.360248125,0.365110625,0.369900390625,0.374894921875,0.379942265625,0.38534546875,0.389775859375,0.395087421875,0.39985515625,0.40500125,0.410090546875,0.41503203125,0.42006078125,0.425078984375,0.429879140625,0.4346203125,0.440078984375,0.44471734375,0.449909375,0.454807890625,0.45997671875,0.465102890625,0.470064140625,0.47521125,0.480074453125,0.484844140625,0.49014453125,0.49501375,0.49980546875]}