{"lattice_size":[10,10,10,10,10,10,10,10,10,10],"loss rate average":[0.0,0.009924399783648551,0.01996249962536618,0.030016299572717398,0.040027799598500134,0.049935199684910475,0.05994799980953336,0.0700619999168627,0.07988529997134582,0.09005129995185882,0.10004839991958812,0.11004509989198297,0.12004279988950119,0.13014460000818595,0.1400103000894934,0.15004180022824556,0.1601402003257163,0.16998220032544806,0.18006260027585552,0.18994410016383975,0.199838900021147,0.20996159987181426,0.2199883997869119,0.2297454997495562,0.23984419984482228,0.24992439997918903,0.25997660023756325,0.2701091004445404,0.28012840076990425,0.290081601068452,0.2995782012600452,0.3102259014056623,0.31986160149529574,0.3300359014549851,0.3401197012573481,0.3501916009531915,0.360038300588876,0.3702066001969576,0.37997129977047445,0.38999569933861494,0.3998376988813281,0.4099795984491706,0.4197428982281685,0.42993819787934423,0.4400143976727128,0.4499538974998891,0.4599801972258091,0.4697276971408725,0.47985639687418935,0.4899774968090653,0.500298596779406,0.5102059966903925,0.5203481967249513,0.5300833968704939,0.540207597053349,0.549960697235763,0.5602101975175738,0.5699764978268742,0.5799032982066273,0.5898248985579609,0.600115199008584,0.610039199334681,0.6200380997806787,0.6299504001238942,0.6399129004609585,0.6498139008370042,0.6601752011227607,0.669719401512146,0.6800075016459822,0.6901805018085241,0.7000852017575503,0.7099193015789985,0.7199298014086485,0.729806101050973,0.7398490003359318,0.7500637999492884,0.7601800992196799,0.7699900987553596,0.7799707983481884,0.7898308980703354,0.8002729979556799,0.8099826978754997,0.8198985980325937,0.8299079982984066,0.8398067986983061,0.8499823990124464,0.8600297994071245,0.8699587996888161,0.8799304001325369,0.889983900615573,0.9000083010625839,0.9101763015961647,0.9198008020150662,0.929845101736188,0.9398879016137123,0.9499834017896652,0.9599161038559675,0.9700373075211048,0.9799981106513739,0.9899384085148573,1.0],"multiplexing":2,"num_error_happens":0,"num_photons":100,"num_qubits":200,"prob_e_vec":[0.0,0.009999999776482582,0.019999999552965164,0.029999999329447746,0.03999999910593033,0.05000000074505806,0.05999999865889549,0.07000000029802322,0.07999999821186066,0.09000000357627869,0.10000000149011612,0.10999999940395355,0.11999999731779099,0.12999999523162842,0.14000000059604645,0.15000000596046448,0.1599999964237213,0.17000000178813934,0.18000000715255737,0.1899999976158142,0.20000000298023224,0.20999999344348907,0.2199999988079071,0.23000000417232513,0.23999999463558197,0.25,0.25999999046325684,0.27000001072883606,0.2800000011920929,0.28999999165534973,0.30000001192092896,0.3100000023841858,0.3199999928474426,0.33000001311302185,0.3400000035762787,0.3499999940395355,0.36000001430511475,0.3700000047683716,0.3799999952316284,0.38999998569488525,0.4000000059604645,0.4099999964237213,0.41999998688697815,0.4300000071525574,0.4399999976158142,0.44999998807907104,0.46000000834465027,0.4699999988079071,0.47999998927116394,0.49000000953674316,0.5,0.5099999904632568,0.5199999809265137,0.5299999713897705,0.5400000214576721,0.550000011920929,0.5600000023841858,0.5699999928474426,0.5799999833106995,0.5899999737739563,0.6000000238418579,0.6100000143051147,0.6200000047683716,0.6299999952316284,0.6399999856948853,0.6499999761581421,0.6600000262260437,0.6700000166893005,0.6800000071525574,0.6899999976158142,0.699999988079071,0.7099999785423279,0.7200000286102295,0.7300000190734863,0.7400000095367432,0.75,0.7599999904632568,0.7699999809265137,0.7799999713897705,0.7900000214576721,0.800000011920929,0.8100000023841858,0.8199999928474426,0.8299999833106995,0.8399999737739563,0.8500000238418579,0.8600000143051147,0.8700000047683716,0.8799999952316284,0.8899999856948853,0.8999999761581421,0.9100000262260437,0.9200000166893005,0.9300000071525574,0.9399999976158142,0.949999988079071,0.9599999785423279,0.9700000286102295,0.9800000190734863,0.9900000095367432,1.0],"qubit list for each photon":[[0,1],[2,3],[4,5],[6,7],[8,9],[10,11],[12,13],[14,15],[16,17],[18,19],[20,21],[22,23],[24,25],[26,27],[28,29],[30,31],[32,33],[34,35],[36,37],[38,39],[40,41],[42,43],[44,45],[46,47],[48,49],[50,51],[52,53],[54,55],[56,57],[58,59],[60,61],[62,63],[64,65],[66,67],[68,69],[70,71],[72,73],[74,75],[76,77],[78,79],[80,81],[82,83],[84,85],[86,87],[88,89],[90,91],[92,93],[94,95],[96,97],[98,99],[100,101],[102,103],[104,105],[106,107],[108,109],[110,111],[112,113],[114,115],[116,117],[118,119],[120,121],[122,123],[124,125],[126,127],[128,129],[130,131],[132,133],[134,135],[136,137],[138,139],[140,141],[142,143],[144,145],[146,147],[148,149],[150,151],[152,153],[154,155],[156,157],[158,159],[160,161],[162,163],[164,165],[166,167],[168,169],[170,171],[172,173],[174,175],[176,177],[178,179],[180,181],[182,183],[184,185],[186,187],[188,189],[190,191],[192,193],[194,195],[196,197],[198,199]],"strategy":4,"success_rate":[[100000,0],[100000,0],[100000,0],[100000,0],[100000,0],[100000,0],[100000,0],[100000,0],[100000,0],[100000,0],[100000,0],[100000,0],[100000,0],[100000,0],[100000,0],[99999,1],[100000,0],[99999,1],[99995,5],[99997,3],[99995,5],[99990,10],[99977,23],[99974,26],[99935,65],[99904,96],[99849,151],[99819,181],[99704,296],[99542,458],[99380,620],[99111,889],[98713,1287],[98303,1697],[97651,2349],[96955,3045],[96088,3912],[94881,5119],[93609,6391],[91940,8060],[89945,10055],[87769,12231],[85359,14641],[82531,17469],[79664,20336],[76285,23715],[72724,27276],[68909,31091],[65607,34393],[61712,38288],[57670,42330],[54351,45649],[50650,49350],[47334,52666],[44224,55776],[41100,58900],[38605,61395],[36401,63599],[34442,65558],[32665,67335],[30842,69158],[29691,70309],[28709,71291],[27844,72156],[27283,72717],[26819,73181],[26175,73825],[25933,74067],[25608,74392],[25301,74699],[25336,74664],[25329,74671],[25223,74777],[25110,74890],[24639,75361],[25234,74766],[25064,74936],[25006,74994],[24963,75037],[24882,75118],[25139,74861],[24926,75074],[24932,75068],[25138,74862],[24857,75143],[24995,75005],[25211,74789],[25034,74966],[25109,74891],[24870,75130],[24941,75059],[24922,75078],[25060,74940],[24878,75122],[24884,75116],[25273,74727],[25029,74971],[24993,75007],[25161,74839],[25261,74739],[25321,74679]],"time_fin":"20240619_203813","time_start":"20240619_172154",