{"lattice_size":[10,10,10,10,10,10,10,10,10,10],"loss rate average":[0.0,0.009945399778224527,0.01998479956321418,0.030046799378581346,0.03999759924780578,0.04996839916918427,0.05990739913944155,0.07005179914515465,0.08000759919788689,0.09002779926396906,0.09982819935586304,0.10970519946619868,0.11997179961025715,0.1300511997396499,0.13987659985806794,0.1499863999556005,0.16000759997662156,0.17014240001998843,0.18000119999136777,0.1900851999300346,0.2001959998569265,0.20994439979661256,0.22021579970158636,0.22974779972806572,0.24007619971305133,0.2498977997872606,0.2598015998781845,0.26998300005842,0.28005540021948516,0.2899068003689498,0.29993540059275925,0.3101758007439226,0.3196954008408263,0.3301084009216726,0.3402782009511441,0.3499912008886039,0.36005280084371566,0.3700318006171286,0.37999540046788755,0.38993600022263825,0.4000691999553144,0.41004299961432816,0.42012339947745203,0.43048139926575124,0.4400055990950763,0.45007539900407195,0.4597293989637494,0.4701323989523947,0.48016299898982046,0.49030679921403525,0.5002807994601131,0.5097777996228635,0.520289800028652,0.5303098003673553,0.54012800079301,0.5497464011874795,0.5601192017251253,0.5703618020710349,0.5799296025702357,0.5897740029910207,0.6001058034032584,0.6097628036749363,0.6201836040794849,0.6301816042512656,0.6403844045460224,0.6498882046505808,0.6600492047074437,0.6700692046907544,0.6799036044117809,0.6900726041814685,0.6997618037071824,0.7104498030379415,0.7201808024439216,0.7297490015220642,0.7398180006861687,0.7500745996508003,0.7602125988632441,0.7698677977827192,0.7802579969775677,0.7901713962197304,0.8001589954006672,0.8100333950793743,0.8203451946449279,0.8299123944908381,0.8399975945574045,0.8498453945213557,0.8598541946518421,0.8702155949705839,0.8800685953390598,0.8899891956818103,0.9002307959526777,0.9101087964946032,0.919679796757102,0.9302151971292496,0.9400357975965739,0.9501481983697414,0.9599723994481564,0.9700984011292457,0.9800294031506777,0.9898868041664362,1.0],"multiplexing":4,"num_error_happens":0,"num_photons":50,"num_qubits":200,"prob_e_vec":[0.0,0.009999999776482582,0.019999999552965164,0.029999999329447746,0.03999999910593033,0.05000000074505806,0.05999999865889549,0.07000000029802322,0.07999999821186066,0.09000000357627869,0.10000000149011612,0.10999999940395355,0.11999999731779099,0.12999999523162842,0.14000000059604645,0.15000000596046448,0.1599999964237213,0.17000000178813934,0.18000000715255737,0.1899999976158142,0.20000000298023224,0.20999999344348907,0.2199999988079071,0.23000000417232513,0.23999999463558197,0.25,0.25999999046325684,0.27000001072883606,0.2800000011920929,0.28999999165534973,0.30000001192092896,0.3100000023841858,0.3199999928474426,0.33000001311302185,0.3400000035762787,0.3499999940395355,0.36000001430511475,0.3700000047683716,0.3799999952316284,0.38999998569488525,0.4000000059604645,0.4099999964237213,0.41999998688697815,0.4300000071525574,0.4399999976158142,0.44999998807907104,0.46000000834465027,0.4699999988079071,0.47999998927116394,0.49000000953674316,0.5,0.5099999904632568,0.5199999809265137,0.5299999713897705,0.5400000214576721,0.550000011920929,0.5600000023841858,0.5699999928474426,0.5799999833106995,0.5899999737739563,0.6000000238418579,0.6100000143051147,0.6200000047683716,0.6299999952316284,0.6399999856948853,0.6499999761581421,0.6600000262260437,0.6700000166893005,0.6800000071525574,0.6899999976158142,0.699999988079071,0.7099999785423279,0.7200000286102295,0.7300000190734863,0.7400000095367432,0.75,0.7599999904632568,0.7699999809265137,0.7799999713897705,0.7900000214576721,0.800000011920929,0.8100000023841858,0.8199999928474426,0.8299999833106995,0.8399999737739563,0.8500000238418579,0.8600000143051147,0.8700000047683716,0.8799999952316284,0.8899999856948853,0.8999999761581421,0.9100000262260437,0.9200000166893005,0.9300000071525574,0.9399999976158142,0.949999988079071,0.9599999785423279,0.9700000286102295,0.9800000190734863,0.9900000095367432,1.0],"qubit list for each photon":[[178,55,169,190],[189,48,53,94],[69,81,38,64],[76,3,186,168],[108,152,83,63],[89,141,29,164],[163,59,92,105],[158,132,104,162],[19,193,5,4],[142,196,137,177],[120,0,52,147],[157,183,127,131],[145,135,99,44],[14,49,45,106],[155,154,86,166],[24,133,10,167],[180,43,13,136],[149,1,72,17],[100,70,93,8],[79,58,125,148],[31,144,146,143],[124,174,2,47],[33,151,102,88],[16,73,6,36],[138,26,109,181],[160,129,185,103],[126,77,150,179],[20,170,176,61],[118,187,112,12],[41,18,84,78],[46,110,116,65],[96,15,32,97],[115,191,54,25],[165,30,111,153],[11,197,171,66],[62,95,71,7],[68,23,35,9],[91,28,121,173],[85,113,40,159],[75,56,101,192],[107,57,21,74],[50,123,134,37],[34,140,139,172],[156,67,194,42],[182,82,130,195],[198,22,90,60],[51,87,114,175],[122,98,188,161],[80,128,27,184],[119,39,117,199]],"strategy":1,"success_rate":[[100000,0],[100000,0],[100000,0],[100000,0],[100000,0],[100000,0],[100000,0],[100000,0],[100000,0],[100000,0],[100000,0],[100000,0],[100000,0],[100000,0],[100000,0],[100000,0],[99996,4],[99996,4],[99995,5],[99993,7],[99980,20],[99966,34],[99961,39],[99927,73],[99887,113],[99855,145],[99746,254],[99659,341],[99512,488],[99300,700],[99010,990],[98684,1316],[98246,1754],[97600,2400],[96858,3142],[95995,4005],[94834,5166],[93725,6275],[92217,7783],[90537,9463],[88784,11216],[86489,13511],[84283,15717],[81181,18819],[78598,21402],[75751,24249],[72640,27360],[69266,30734],[65758,34242],[62367,37633],[58915,41085],[55780,44220],[52313,47687],[49425,50575],[46308,53692],[43478,56522],[40648,59352],[38624,61376],[36438,63562],[34643,65357],[32848,67152],[31640,68360],[29838,70162],[29032,70968],[28193,71807],[27816,72184],[26962,73038],[26456,73544],[25863,74137],[25563,74437],[25726,74274],[25370,74630],[25160,74840],[25157,74843],[25075,74925],[24824,75176],[25280,74720],[25092,74908],[24920,75080],[24853,75147],[25024,74976],[24735,75265],[24986,75014],[24967,75033],[24869,75131],[24917,75083],[24943,75057],[24913,75087],[24972,75028],[25170,74830],[24792,75208],[25063,74937],[25089,74911],[24609,75391],[24931,75069],[25017,74983],[24855,75145],[25053,74947],[24892,75108],[25369,74631],[24944,75056]],"time_fin":"20240618_180807","time_start":"20240618_142918",