{"lattice_size":[10,10,10,10,10,10,10,10,10,10],"loss rate average":[0.0,0.009943299783021211,0.0200191996232979,0.029998899572342634,0.04005989959821105,0.04999629968833178,0.05994629980435595,0.07004999990807846,0.07993619997572154,0.09011209995800629,0.10008939992992208,0.10993119988065213,0.11998529989883304,0.1299895000080392,0.14007840011263267,0.1499890002220683,0.1598744003120996,0.16991350030725821,0.18001710025925188,0.18987540016666055,0.20007860002499073,0.20990499987997116,0.22023339978948236,0.22982759974651037,0.23990339983053505,0.25001219998836516,0.25981630020588636,0.2697450004862249,0.2801397007649392,0.2900416010146588,0.299857201243341,0.3100754014509916,0.3200792014990747,0.3301943014384806,0.33985730130642655,0.34970400094747545,0.36016080065667627,0.36995480024427174,0.37979769973769784,0.3901677992968261,0.3997234988759458,0.4101107985198498,0.42005109818816183,0.42980329791978,0.4399132976448536,0.450030097463727,0.4599389972177148,0.4700779971587658,0.48019329692751167,0.49003919673115015,0.5002892966684699,0.5099713966876268,0.5202432968109846,0.5299291968813539,0.5396356969639658,0.5501887972092628,0.5600608975070714,0.5702453978604078,0.5799730982485414,0.5899864985898137,0.6001635990518331,0.6101889993020893,0.6199267998325825,0.6297385001751781,0.6399679004451633,0.6500648008400202,0.660153201187551,0.6698828015294671,0.6801051016831398,0.6897354018297791,0.6999459017753601,0.7100869017004967,0.7199793014144897,0.7301511010205746,0.7399431004142761,0.7501692999511957,0.7600060992980003,0.7700599987906217,0.7802310982733965,0.7900586980783939,0.8000252978622914,0.8098183979415894,0.820272498036027,0.829989198346734,0.8399497987133264,0.8500402988904715,0.8600232993423939,0.8699986997056007,0.8799422001445294,0.8902130005812645,0.8999168011808395,0.9098987017345428,0.919968501893878,0.9300711018371582,0.9399243015038967,0.9500304017817974,0.9600065037316083,0.9699658075064421,0.979927910656929,0.9900125084227324,1.0],"multiplexing":2,"num_error_happens":0,"num_photons":100,"num_qubits":200,"prob_e_vec":[0.0,0.009999999776482582,0.019999999552965164,0.029999999329447746,0.03999999910593033,0.05000000074505806,0.05999999865889549,0.07000000029802322,0.07999999821186066,0.09000000357627869,0.10000000149011612,0.10999999940395355,0.11999999731779099,0.12999999523162842,0.14000000059604645,0.15000000596046448,0.1599999964237213,0.17000000178813934,0.18000000715255737,0.1899999976158142,0.20000000298023224,0.20999999344348907,0.2199999988079071,0.23000000417232513,0.23999999463558197,0.25,0.25999999046325684,0.27000001072883606,0.2800000011920929,0.28999999165534973,0.30000001192092896,0.3100000023841858,0.3199999928474426,0.33000001311302185,0.3400000035762787,0.3499999940395355,0.36000001430511475,0.3700000047683716,0.3799999952316284,0.38999998569488525,0.4000000059604645,0.4099999964237213,0.41999998688697815,0.4300000071525574,0.4399999976158142,0.44999998807907104,0.46000000834465027,0.4699999988079071,0.47999998927116394,0.49000000953674316,0.5,0.5099999904632568,0.5199999809265137,0.5299999713897705,0.5400000214576721,0.550000011920929,0.5600000023841858,0.5699999928474426,0.5799999833106995,0.5899999737739563,0.6000000238418579,0.6100000143051147,0.6200000047683716,0.6299999952316284,0.6399999856948853,0.6499999761581421,0.6600000262260437,0.6700000166893005,0.6800000071525574,0.6899999976158142,0.699999988079071,0.7099999785423279,0.7200000286102295,0.7300000190734863,0.7400000095367432,0.75,0.7599999904632568,0.7699999809265137,0.7799999713897705,0.7900000214576721,0.800000011920929,0.8100000023841858,0.8199999928474426,0.8299999833106995,0.8399999737739563,0.8500000238418579,0.8600000143051147,0.8700000047683716,0.8799999952316284,0.8899999856948853,0.8999999761581421,0.9100000262260437,0.9200000166893005,0.9300000071525574,0.9399999976158142,0.949999988079071,0.9599999785423279,0.9700000286102295,0.9800000190734863,0.9900000095367432,1.0],"qubit list for each photon":[[166,149],[98,82],[198,164],[132,79],[14,168],[6,28],[158,162],[35,1],[126,115],[104,69],[30,39],[193,42],[160,189],[3,123],[131,53],[157,190],[128,26],[180,154],[186,153],[33,34],[59,77],[136,163],[150,2],[70,22],[10,73],[148,97],[54,65],[101,46],[88,147],[91,81],[40,21],[43,48],[146,44],[156,121],[144,25],[143,110],[119,13],[49,107],[155,185],[78,182],[139,112],[167,75],[5,51],[83,174],[197,68],[134,27],[55,23],[116,57],[133,103],[130,89],[129,199],[195,67],[29,12],[117,72],[61,11],[63,187],[122,7],[74,120],[66,171],[178,71],[113,87],[111,142],[17,108],[102,4],[177,183],[84,85],[100,114],[96,95],[41,90],[109,165],[92,135],[9,170],[194,64],[99,32],[60,58],[56,192],[50,36],[137,138],[38,151],[141,172],[20,19],[31,8],[169,173],[0,196],[105,16],[181,24],[188,191],[145,127],[124,45],[94,62],[80,86],[118,15],[179,161],[176,93],[47,184],[140,175],[152,125],[52,37],[106,159],[18,76]],"strategy":1,"success_rate":[[100000,0],[100000,0],[100000,0],[100000,0],[100000,0],[100000,0],[100000,0],[100000,0],[100000,0],[100000,0],[100000,0],[100000,0],[100000,0],[100000,0],[100000,0],[100000,0],[100000,0],[100000,0],[99999,1],[99996,4],[99996,4],[99992,8],[99989,11],[99985,15],[99972,28],[99950,50],[99920,80],[99897,103],[99834,166],[99710,290],[99618,382],[99438,562],[99249,751],[98849,1151],[98438,1562],[97951,2049],[97066,2934],[96212,3788],[94936,5064],[93440,6560],[91545,8455],[89504,10496],[87154,12846],[84551,15449],[81137,18863],[77817,22183],[74274,25726],[70374,29626],[66136,33864],[62237,37763],[57671,42329],[54373,45627],[50039,49961],[46750,53250],[43585,56415],[40284,59716],[37708,62292],[35304,64696],[33322,66678],[31583,68417],[30028,69972],[28952,71048],[27781,72219],[27298,72702],[26547,73453],[26243,73757],[25780,74220],[25495,74505],[25533,74467],[25145,74855],[25186,74814],[25116,74884],[24941,75059],[24977,75023],[25162,74838],[25020,74980],[24974,75026],[25002,74998],[24991,75009],[25049,74951],[25093,74907],[25065,74935],[25140,74860],[25241,74759],[25028,74972],[24834,75166],[24972,75028],[24924,75076],[24862,75138],[25247,74753],[25140,74860],[24740,75260],[24987,75013],[24922,75078],[25353,74647],[24908,75092],[24975,75025],[24800,75200],[24769,75231],[24915,75085],[25054,74946]],"time_fin":"20240619_211800","time_start":"20240619_172156",