{"lattice_size":[12,12,12,12,12,12,12,12,12,12,12,12],"loss rate average":[0.0,0.050056805658901575,0.09998732646809891,0.14993746536128222,0.19994722216136754,0.24993701300010085,0.29999736095264556,0.3500315625408292,0.39985107639551165,0.4499970485404134,0.49997503442049024,0.5500287845796347,0.5999633332970739,0.6498535764414072,0.7000059374982118,0.7499427777773142,0.7999129861032963,0.849998645849824,0.9000920833873749,0.9499971528077126,1.0],"multiplexing":1,"num_error_happens":0,"num_photons":288,"num_qubits":288,"prob_e_vec":[0.0,0.05000000074505806,0.10000000149011612,0.15000000596046448,0.20000000298023224,0.25,0.30000001192092896,0.3500000238418579,0.40000003576278687,0.4500000476837158,0.5000000596046448,0.5500000715255737,0.6000000834465027,0.6500000953674316,0.7000001072883606,0.7500001192092896,0.8000001311302185,0.8500001430511475,0.9000001549720764,0.9500001668930054,1.0000001192092896],"qubit list for each photon":[[0],[1],[2],[3],[4],[5],[6],[7],[8],[9],[10],[11],[12],[13],[14],[15],[16],[17],[18],[19],[20],[21],[22],[23],[24],[25],[26],[27],[28],[29],[30],[31],[32],[33],[34],[35],[36],[37],[38],[39],[40],[41],[42],[43],[44],[45],[46],[47],[48],[49],[50],[51],[52],[53],[54],[55],[56],[57],[58],[59],[60],[61],[62],[63],[64],[65],[66],[67],[68],[69],[70],[71],[72],[73],[74],[75],[76],[77],[78],[79],[80],[81],[82],[83],[84],[85],[86],[87],[88],[89],[90],[91],[92],[93],[94],[95],[96],[97],[98],[99],[100],[101],[102],[103],[104],[105],[106],[107],[108],[109],[110],[111],[112],[113],[114],[115],[116],[117],[118],[119],[120],[121],[122],[123],[124],[125],[126],[127],[128],[129],[130],[131],[132],[133],[134],[135],[136],[137],[138],[139],[140],[141],[142],[143],[144],[145],[146],[147],[148],[149],[150],[151],[152],[153],[154],[155],[156],[157],[158],[159],[160],[161],[162],[163],[164],[165],[166],[167],[168],[169],[170],[171],[172],[173],[174],[175],[176],[177],[178],[179],[180],[181],[182],[183],[184],[185],[186],[187],[188],[189],[190],[191],[192],[193],[194],[195],[196],[197],[198],[199],[200],[201],[202],[203],[204],[205],[206],[207],[208],[209],[210],[211],[212],[213],[214],[215],[216],[217],[218],[219],[220],[221],[222],[223],[224],[225],[226],[227],[228],[229],[230],[231],[232],[233],[234],[235],[236],[237],[238],[239],[240],[241],[242],[243],[244],[245],[246],[247],[248],[249],[250],[251],[252],[253],[254],[255],[256],[257],[258],[259],[260],[261],[262],[263],[264],[265],[266],[267],[268],[269],[270],[271],[272],[273],[274],[275],[276],[277],[278],[279],[280],[281],[282],[283],[284],[285],[286],[287]],"strategy":0,"success_rate":[[100000,0],[100000,0],[100000,0],[100000,0],[100000,0],[99999,1],[99953,47],[99477,523],[96117,3883],[82977,17023],[57712,42288],[35853,64147],[27137,72863],[25397,74603],[24785,75215],[25102,74898],[25180,74820],[24903,75097],[24847,75153],[24975,75025],[24861,75139]],"time_fin":"20240416_172131","time_start":"20240416_154105","z error rate average":[0.0,0.02501809071515454,0.04995517371936934,0.07497177090257406,0.09991812508489936,0.1249136113846302,0.14999500012472272,0.17501527779214085,0.20001767351455987,0.22494451335027815,0.24990315878301858,0.2748879855337739,0.3000109373678267,0.3248809375140071,0.34992541659221055,0.3750136111244559,0.40004111118584873,0.42500211805552246,0.44998878466397524,0.47495187473505734,0.5000267357689142]}