{"lattice_size":[10,10,10,10,10,10,10,10,10,10],"loss rate average":[0.0,0.04986919916704297,0.09982659935742616,0.14998199992984534,0.20008239983081819,0.2502679997838661,0.29994080060057343,0.3497442008140683,0.4000323999722302,0.4503235989992321,0.4997825993329287,0.5498098011434078,0.5997412033322453,0.6501798046943545,0.7001364036360384,0.750182599799037,0.8001521955639124,0.8497227945601941,0.8999211960858107,0.9501069983035326,1.0],"multiplexing":4,"num_error_happens":0,"num_photons":50,"num_qubits":200,"prob_e_vec":[0.0,0.05000000074505806,0.10000000149011612,0.15000000596046448,0.20000000298023224,0.25,0.30000001192092896,0.3500000238418579,0.40000003576278687,0.4500000476837158,0.5000000596046448,0.5500000715255737,0.6000000834465027,0.6500000953674316,0.7000001072883606,0.7500001192092896,0.8000001311302185,0.8500001430511475,0.9000001549720764,0.9500001668930054,1.0000001192092896],"qubit list for each photon":[[180,19,0,1],[184,3,4,5],[188,7,8,9],[192,11,12,13],[196,15,16,17],[2,21,22,23],[6,25,26,27],[10,29,30,31],[14,33,34,35],[18,37,38,39],[20,59,40,41],[24,43,44,45],[28,47,48,49],[32,51,52,53],[36,55,56,57],[42,61,62,63],[46,65,66,67],[50,69,70,71],[54,73,74,75],[58,77,78,79],[60,99,80,81],[64,83,84,85],[68,87,88,89],[72,91,92,93],[76,95,96,97],[82,101,102,103],[86,105,106,107],[90,109,110,111],[94,113,114,115],[98,117,118,119],[100,139,120,121],[104,123,124,125],[108,127,128,129],[112,131,132,133],[116,135,136,137],[122,141,142,143],[126,145,146,147],[130,149,150,151],[134,153,154,155],[138,157,158,159],[140,179,160,161],[144,163,164,165],[148,167,168,169],[152,171,172,173],[156,175,176,177],[162,181,182,183],[166,185,186,187],[170,189,190,191],[174,193,194,195],[178,197,198,199]],"strategy":7,"success_rate":[[100000,0],[99999,1],[99965,35],[99695,305],[98324,1676],[94429,5571],[86628,13372],[74443,25557],[59839,40161],[46725,53275],[36301,63699],[30157,69843],[26811,73189],[25600,74400],[24963,75037],[25155,74845],[25074,74926],[25055,74945],[24982,75018],[25067,74933],[24870,75130]],"time_fin":"20240402_141338","time_start":"20240402_133208","z error rate average":[0.0,0.024940099877435715,0.049943499975698066,0.07500495003197342,0.10004600005905144,0.12514355017393827,0.1500173502500076,0.1748485000246018,0.20006084958273918,0.22527794906049967,0.24980654889151455,0.2749693490471691,0.3000007494729757,0.32518469990313054,0.3500579501029849,0.3748867500755191,0.40007349983915685,0.42490019975751636,0.44989599969774485,0.4749581993356347,0.5000009484690427]}