{"lattice_size":[12,12,12,12,12,12,12,12,12,12,12,12],"loss rate average":[0.0,0.04997472338081337,0.09982583509692922,0.14995611235178075,0.2001062503366545,0.2500368059187755,0.2998993058697134,0.3499020833104849,0.4001476391147077,0.44988763969674705,0.5003977793776989,0.550192362037301,0.5998893055051565,0.6497423615005612,0.6998923605686426,0.750270555819869,0.799795000166297,0.84981555398345,0.9000323652648926,0.950064576858282,1.0],"multiplexing":4,"num_error_happens":0,"num_photons":72,"num_qubits":288,"prob_e_vec":[0.0,0.05000000074505806,0.10000000149011612,0.15000000596046448,0.20000000298023224,0.25,0.30000001192092896,0.3500000238418579,0.40000003576278687,0.4500000476837158,0.5000000596046448,0.5500000715255737,0.6000000834465027,0.6500000953674316,0.7000001072883606,0.7500001192092896,0.8000001311302185,0.8500001430511475,0.9000001549720764,0.9500001668930054,1.0000001192092896],"qubit list for each photon":[[0,2,1,25],[26,28,27,51],[52,54,53,77],[78,80,79,103],[104,106,105,129],[130,132,131,155],[156,158,157,181],[182,184,183,207],[208,210,209,233],[234,236,235,259],[260,262,261,285],[286,264,287,23],[268,3,4,5],[6,29,30,31],[32,55,56,57],[58,81,82,83],[84,107,108,109],[110,133,134,135],[136,159,160,161],[162,185,186,187],[188,211,212,213],[214,237,238,239],[216,263,240,241],[242,265,266,267],[8,10,9,33],[34,36,35,59],[60,62,61,85],[86,88,87,111],[112,114,113,137],[138,140,139,163],[164,166,165,189],[190,168,191,215],[192,194,193,217],[218,220,219,243],[244,246,245,269],[270,272,271,7],[276,11,12,13],[14,37,38,39],[40,63,64,65],[66,89,90,91],[92,115,116,117],[118,141,142,143],[120,167,144,145],[146,169,170,171],[172,195,196,197],[198,221,222,223],[224,247,248,249],[250,273,274,275],[16,18,17,41],[42,44,43,67],[68,70,69,93],[94,72,95,119],[96,98,97,121],[122,124,123,147],[148,150,149,173],[174,176,175,199],[200,202,201,225],[226,228,227,251],[252,254,253,277],[278,280,279,15],[284,19,20,21],[22,45,46,47],[24,71,48,49],[50,73,74,75],[76,99,100,101],[102,125,126,127],[128,151,152,153],[154,177,178,179],[180,203,204,205],[206,229,230,231],[232,255,256,257],[258,281,282,283]],"strategy":11,"success_rate":[[100000,0],[100000,0],[100000,0],[99997,3],[99953,47],[99726,274],[98595,1405],[95140,4860],[87079,12921],[73960,26040],[57746,42254],[43073,56927],[32827,67173],[27956,72044],[25646,74354],[25234,74766],[25024,74976],[25024,74976],[24932,75068],[25031,74969],[25012,74988]],"time_fin":"20240416_172711","time_start":"20240416_154048","z error rate average":[0.0,0.02497250034323428,0.04992107656961307,0.07500434036854887,0.10006336817268748,0.12496715293005109,0.1499719792816788,0.1748932986005768,0.1999968747574836,0.22498798561945557,0.250273645215109,0.27517159671738745,0.2999289927397668,0.3247702430088818,0.3499230555306375,0.3752111110772193,0.39985972221925853,0.4249077083158493,0.4500474651810527,0.4751107289081812,0.49998677057296037]}