{"lattice_size":[10,10,10,10,10,10,10,10,10,10],"loss rate average":[0.0,0.049905399166829886,0.09986539936192333,0.1499231999272853,0.20006059981469065,0.25014499981954696,0.30041340059794486,0.3500292008703947,0.40011479997202754,0.4500019990640879,0.500026599407792,0.549801801187992,0.599700603325963,0.6497096045869589,0.700197803593576,0.7500685996946692,0.8001435955184698,0.8497073944866658,0.9001387961041928,0.9499495984327793,1.0],"multiplexing":4,"num_error_happens":0,"num_photons":50,"num_qubits":200,"prob_e_vec":[0.0,0.05000000074505806,0.10000000149011612,0.15000000596046448,0.20000000298023224,0.25,0.30000001192092896,0.3500000238418579,0.40000003576278687,0.4500000476837158,0.5000000596046448,0.5500000715255737,0.6000000834465027,0.6500000953674316,0.7000001072883606,0.7500001192092896,0.8000001311302185,0.8500001430511475,0.9000001549720764,0.9500001668930054,1.0000001192092896],"qubit list for each photon":[[0,2,1,21],[4,6,5,25],[8,10,9,29],[12,14,13,33],[16,18,17,37],[22,24,23,43],[26,28,27,47],[30,32,31,51],[34,36,35,55],[38,20,39,59],[40,42,41,61],[44,46,45,65],[48,50,49,69],[52,54,53,73],[56,58,57,77],[62,64,63,83],[66,68,67,87],[70,72,71,91],[74,76,75,95],[78,60,79,99],[80,82,81,101],[84,86,85,105],[88,90,89,109],[92,94,93,113],[96,98,97,117],[102,104,103,123],[106,108,107,127],[110,112,111,131],[114,116,115,135],[118,100,119,139],[120,122,121,141],[124,126,125,145],[128,130,129,149],[132,134,133,153],[136,138,137,157],[142,144,143,163],[146,148,147,167],[150,152,151,171],[154,156,155,175],[158,140,159,179],[160,162,161,181],[164,166,165,185],[168,170,169,189],[172,174,173,193],[176,178,177,197],[182,184,183,3],[186,188,187,7],[190,192,191,11],[194,196,195,15],[198,180,199,19]],"strategy":9,"success_rate":[[100000,0],[100000,0],[100000,0],[100000,0],[99993,7],[99927,73],[99705,295],[98849,1151],[96451,3549],[91385,8615],[82685,17315],[70244,29756],[55705,44295],[42809,57191],[33306,66694],[27996,72004],[25819,74181],[25050,74950],[25024,74976],[24943,75057],[24862,75138]],"time_fin":"20240402_141313","time_start":"20240402_133215","z error rate average":[0.0,0.024966449875161053,0.049823399970727045,0.07499735004117712,0.10007770006930455,0.12502095017863438,0.15026355025461874,0.17499195003975182,0.20015719954865052,0.22497159905791284,0.25000394887052474,0.2750011989905685,0.29962229949399827,0.3248566998809576,0.34983055012494324,0.3750184000329673,0.40010284980386496,0.42487289969325065,0.4500460497626662,0.47497729937195776,0.500044898582995]}