{"lattice_size":[10,10,10,10,10,10,10,10,10,10],"loss rate average":[0.0,0.04989799916416407,0.09991439936861396,0.15017419995352627,0.19995939984794706,0.25025799979239705,0.300102200582847,0.3499906008835882,0.3999247999600321,0.4500849990198016,0.499733199390769,0.5498866011950374,0.6000008033657074,0.649816404709518,0.6997824037417769,0.7503547996893525,0.7999463956463337,0.8501165945285559,0.8999817960363626,0.949901998334527,1.0],"multiplexing":4,"num_error_happens":0,"num_photons":50,"num_qubits":200,"prob_e_vec":[0.0,0.05000000074505806,0.10000000149011612,0.15000000596046448,0.20000000298023224,0.25,0.30000001192092896,0.3500000238418579,0.40000003576278687,0.4500000476837158,0.5000000596046448,0.5500000715255737,0.6000000834465027,0.6500000953674316,0.7000001072883606,0.7500001192092896,0.8000001311302185,0.8500001430511475,0.9000001549720764,0.9500001668930054,1.0000001192092896],"qubit list for each photon":[[2,4,3,23],[6,8,7,27],[10,12,11,31],[14,16,15,35],[18,0,19,39],[20,22,21,41],[24,26,25,45],[28,30,29,49],[32,34,33,53],[36,38,37,57],[42,44,43,63],[46,48,47,67],[50,52,51,71],[54,56,55,75],[58,40,59,79],[60,62,61,81],[64,66,65,85],[68,70,69,89],[72,74,73,93],[76,78,77,97],[82,84,83,103],[86,88,87,107],[90,92,91,111],[94,96,95,115],[98,80,99,119],[100,102,101,121],[104,106,105,125],[108,110,109,129],[112,114,113,133],[116,118,117,137],[122,124,123,143],[126,128,127,147],[130,132,131,151],[134,136,135,155],[138,120,139,159],[140,142,141,161],[144,146,145,165],[148,150,149,169],[152,154,153,173],[156,158,157,177],[162,164,163,183],[166,168,167,187],[170,172,171,191],[174,176,175,195],[178,160,179,199],[180,182,181,1],[184,186,185,5],[188,190,189,9],[192,194,193,13],[196,198,197,17]],"strategy":10,"success_rate":[[100000,0],[100000,0],[100000,0],[100000,0],[99994,6],[99933,67],[99712,288],[98772,1228],[96476,3524],[91344,8656],[82580,17420],[70088,29912],[55780,44220],[43065,56935],[33223,66777],[28042,71958],[25647,74353],[24992,75008],[25106,74894],[25145,74855],[25185,74815]],"time_fin":"20240402_140748","time_start":"20240402_133216","z error rate average":[0.0,0.02488114987852052,0.0499843999702204,0.07516790003528818,0.09999860008702613,0.1251629502026923,0.15008245025672018,0.17503145003298298,0.19992649953667074,0.22509154906556011,0.24991634889751674,0.27469354903966187,0.299931799441576,0.32483099992603065,0.3500307501019537,0.37511549994692206,0.3999582498013973,0.42511374975919725,0.45002144972682,0.4749885993245244,0.4999469985887408]}