{"lattice_size":[12,12,12,12,12,12,12,12,12,12,12,12],"loss rate average":[0.0,0.04996361227168702,0.09981889064319432,0.1499976401463989,0.1999929169874452,0.25017555595971647,0.30029111141994597,0.3499812500170618,0.3997166668646038,0.44976652859449384,0.5001215293499828,0.5499113898822665,0.6001034723332525,0.6499865280520916,0.7000765273588896,0.749860416918993,0.7999343057167531],"multiplexing":4,"num_error_happens":0,"num_photons":72,"num_qubits":288,"prob_e_vec":[0.0,0.05000000074505806,0.10000000149011612,0.15000000596046448,0.20000000298023224,0.25,0.30000001192092896,0.3500000238418579,0.40000003576278687,0.4500000476837158,0.5000000596046448,0.5500000715255737,0.6000000834465027,0.6500000953674316,0.7000001072883606,0.7500001192092896,0.8000001311302185],"qubit list for each photon":[[264,23,0,1],[268,3,4,5],[272,7,8,9],[276,11,12,13],[280,15,16,17],[284,19,20,21],[2,25,26,27],[6,29,30,31],[10,33,34,35],[14,37,38,39],[18,41,42,43],[22,45,46,47],[24,71,48,49],[28,51,52,53],[32,55,56,57],[36,59,60,61],[40,63,64,65],[44,67,68,69],[50,73,74,75],[54,77,78,79],[58,81,82,83],[62,85,86,87],[66,89,90,91],[70,93,94,95],[72,119,96,97],[76,99,100,101],[80,103,104,105],[84,107,108,109],[88,111,112,113],[92,115,116,117],[98,121,122,123],[102,125,126,127],[106,129,130,131],[110,133,134,135],[114,137,138,139],[118,141,142,143],[120,167,144,145],[124,147,148,149],[128,151,152,153],[132,155,156,157],[136,159,160,161],[140,163,164,165],[146,169,170,171],[150,173,174,175],[154,177,178,179],[158,181,182,183],[162,185,186,187],[166,189,190,191],[168,215,192,193],[172,195,196,197],[176,199,200,201],[180,203,204,205],[184,207,208,209],[188,211,212,213],[194,217,218,219],[198,221,222,223],[202,225,226,227],[206,229,230,231],[210,233,234,235],[214,237,238,239],[216,263,240,241],[220,243,244,245],[224,247,248,249],[228,251,252,253],[232,255,256,257],[236,259,260,261],[242,265,266,267],[246,269,270,271],[250,273,274,275],[254,277,278,279],[258,281,282,283],[262,285,286,287]],"strategy":7,"success_rate":[[100000,0],[100000,0],[99992,8],[99891,109],[99244,756],[96536,3464],[89354,10646],[76614,23386],[60484,39516],[45055,54945],[34277,65723],[28464,71536],[25970,74030],[25205,74795],[25261,74739],[24909,75091],[24844,75156]],"time_fin":"20240416_162837","time_start":"20240416_154059","z error rate average":[0.0,0.024995798953417688,0.049847604342552365,0.07502524314422626,0.10002562511591241,0.1251155904534273,0.1501354514884576,0.17516041664320975,0.19989833314083516,0.22493447869420052,0.2499151381982118,0.27487645777106284,0.3000539927888662,0.3249426735386252,0.3501614583718777,0.37491364586904646,0.39997538193911314]}