{"lattice_size":[10,10,10,10,10,10,10,10,10,10],"loss rate average":[0.0,0.050086999164707956,0.10033599937789142,0.1498563999385759,0.20000679982043804,0.2499863997704163,0.30024100057676434,0.35012100092068316,0.39980219995737076,0.4500413989894092,0.5003189993873238,0.5500590012106299,0.5999124033749104,0.649758204793036,0.7000930036008358,0.7503501997318864,0.8001987955707311,0.8500215945273638,0.9001521960818768,0.949934998408556,1.0],"multiplexing":4,"num_error_happens":0,"num_photons":50,"num_qubits":200,"prob_e_vec":[0.0,0.05000000074505806,0.10000000149011612,0.15000000596046448,0.20000000298023224,0.25,0.30000001192092896,0.3500000238418579,0.40000003576278687,0.4500000476837158,0.5000000596046448,0.5500000715255737,0.6000000834465027,0.6500000953674316,0.7000001072883606,0.7500001192092896,0.8000001311302185,0.8500001430511475,0.9000001549720764,0.9500001668930054,1.0000001192092896],"qubit list for each photon":[[20,175,149,151],[4,147,44,164],[5,78,115,71],[114,41,63,17],[162,180,174,79],[46,57,120,70],[169,108,12,30],[143,176,165,2],[7,127,160,137],[130,52,51,125],[123,133,89,182],[36,155,80,8],[196,166,93,27],[72,9,83,18],[10,131,144,90],[88,159,21,64],[11,62,141,85],[31,47,124,194],[107,67,13,38],[195,111,172,138],[171,14,3,116],[118,26,66,142],[16,99,110,69],[82,192,0,55],[60,139,22,49],[50,105,23,98],[24,43,42,136],[134,158,101,54],[152,35,102,146],[25,135,81,112],[68,187,91,173],[193,190,154,170],[28,97,183,40],[29,95,65,61],[32,33,191,150],[148,15,58,129],[37,45,167,1],[122,48,104,53],[56,94,84,188],[106,186,59,156],[126,168,189,109],[73,163,74,121],[75,185,100,103],[76,132,34,181],[86,128,178,87],[6,184,96,113],[117,177,119,77],[145,157,19,161],[179,197,198,39],[92,153,140,199]],"strategy":1,"success_rate":[[100000,0],[100000,0],[100000,0],[99996,4],[99978,22],[99790,210],[98848,1152],[95670,4330],[87961,12039],[74996,25004],[58173,41827],[42750,57250],[32951,67049],[27509,72491],[25680,74320],[25106,74894],[25014,74986],[24973,75027],[25040,74960],[24937,75063],[25108,74892]],"time_fin":"20240402_175939","time_start":"20240402_171008","z error rate average":[0.0,0.025033699877373874,0.050139149974724274,0.07491710003654473,0.10002195004848763,0.12504405017409473,0.15001275025871583,0.17510955005260184,0.19984099956922233,0.22501779911510647,0.25030059890843925,0.2749840490359813,0.2999275494211167,0.324909249894619,0.35004710016995666,0.3751822499984503,0.40008499975442885,0.4249844997498393,0.4501682997009158,0.4750620992949605,0.5000794485205412]}