{"lattice_size":[12,12,12,12,12,12,12,12,12,12,12,12],"loss rate average":[0.0,0.04996680671846494,0.09987250176331028,0.15028055677864702,0.2000750003335718,0.2498943059530109,0.30025694478236137,0.3497397222480178,0.3997856946839392,0.45022277854546905,0.49998083485215905,0.5502080564513803,0.6001562499761581,0.6500545836800337,0.7001793051201105,0.7498504169332981],"multiplexing":4,"num_error_happens":0,"num_photons":72,"num_qubits":288,"prob_e_vec":[0.0,0.05000000074505806,0.10000000149011612,0.15000000596046448,0.20000000298023224,0.25,0.30000001192092896,0.3500000238418579,0.40000003576278687,0.4500000476837158,0.5000000596046448,0.5500000715255737,0.6000000834465027,0.6500000953674316,0.7000001072883606,0.7500001192092896],"qubit list for each photon":[[0,2,1,25],[4,6,5,29],[8,10,9,33],[12,14,13,37],[16,18,17,41],[20,22,21,45],[26,28,27,51],[30,32,31,55],[34,36,35,59],[38,40,39,63],[42,44,43,67],[46,24,47,71],[48,50,49,73],[52,54,53,77],[56,58,57,81],[60,62,61,85],[64,66,65,89],[68,70,69,93],[74,76,75,99],[78,80,79,103],[82,84,83,107],[86,88,87,111],[90,92,91,115],[94,72,95,119],[96,98,97,121],[100,102,101,125],[104,106,105,129],[108,110,109,133],[112,114,113,137],[116,118,117,141],[122,124,123,147],[126,128,127,151],[130,132,131,155],[134,136,135,159],[138,140,139,163],[142,120,143,167],[144,146,145,169],[148,150,149,173],[152,154,153,177],[156,158,157,181],[160,162,161,185],[164,166,165,189],[170,172,171,195],[174,176,175,199],[178,180,179,203],[182,184,183,207],[186,188,187,211],[190,168,191,215],[192,194,193,217],[196,198,197,221],[200,202,201,225],[204,206,205,229],[208,210,209,233],[212,214,213,237],[218,220,219,243],[222,224,223,247],[226,228,227,251],[230,232,231,255],[234,236,235,259],[238,216,239,263],[240,242,241,265],[244,246,245,269],[248,250,249,273],[252,254,253,277],[256,258,257,281],[260,262,261,285],[266,268,267,3],[270,272,271,7],[274,276,275,11],[278,280,279,15],[282,284,283,19],[286,264,287,23]],"strategy":9,"success_rate":[[100000,0],[100000,0],[100000,0],[100000,0],[99999,1],[99981,19],[99900,100],[99474,526],[97932,2068],[93780,6220],[85305,14695],[71688,28312],[55455,44545],[41061,58939],[31565,68435],[27070,72930]],"time_fin":"20240416_161310","time_start":"20240416_154053","z error rate average":[0.0,0.024980347563275135,0.0498937154634716,0.0752095486922143,0.10009416678527835,0.12497895851043984,0.15007881956718863,0.1748030208428204,0.19975506924815475,0.2250963537041098,0.24994409656174482,0.2752504161652923,0.29993527753025295,0.32495673605293035,0.35002503468319773,0.3749195139065385]}