{"lattice_size":[10,10,10,10,10,10,10,10,10,10],"loss rate average":[0.0,0.04999334997475147,0.10000775001645089,0.15009000057049096,0.1999106995165348,0.2500187985557318,0.3001067994502187,0.34990830038040877,0.39995569963276384,0.44997464983224866,0.49998639862030747,0.5499290993595123,0.6002554505708814,0.6500675994265079,0.6999423501807451,0.7498274498450757,0.7999844498205185,0.8499341516149044,0.9000516480588913,0.9500300950914622,1.0],"multiplexing":1,"num_error_happens":0,"num_photons":200,"num_qubits":200,"prob_e_vec":[0.0,0.05000000074505806,0.10000000149011612,0.15000000596046448,0.20000000298023224,0.25,0.30000001192092896,0.3500000238418579,0.40000003576278687,0.4500000476837158,0.5000000596046448,0.5500000715255737,0.6000000834465027,0.6500000953674316,0.7000001072883606,0.7500001192092896,0.8000001311302185,0.8500001430511475,0.9000001549720764,0.9500001668930054,1.0000001192092896],"qubit list for each photon":[[0],[1],[2],[3],[4],[5],[6],[7],[8],[9],[10],[11],[12],[13],[14],[15],[16],[17],[18],[19],[20],[21],[22],[23],[24],[25],[26],[27],[28],[29],[30],[31],[32],[33],[34],[35],[36],[37],[38],[39],[40],[41],[42],[43],[44],[45],[46],[47],[48],[49],[50],[51],[52],[53],[54],[55],[56],[57],[58],[59],[60],[61],[62],[63],[64],[65],[66],[67],[68],[69],[70],[71],[72],[73],[74],[75],[76],[77],[78],[79],[80],[81],[82],[83],[84],[85],[86],[87],[88],[89],[90],[91],[92],[93],[94],[95],[96],[97],[98],[99],[100],[101],[102],[103],[104],[105],[106],[107],[108],[109],[110],[111],[112],[113],[114],[115],[116],[117],[118],[119],[120],[121],[122],[123],[124],[125],[126],[127],[128],[129],[130],[131],[132],[133],[134],[135],[136],[137],[138],[139],[140],[141],[142],[143],[144],[145],[146],[147],[148],[149],[150],[151],[152],[153],[154],[155],[156],[157],[158],[159],[160],[161],[162],[163],[164],[165],[166],[167],[168],[169],[170],[171],[172],[173],[174],[175],[176],[177],[178],[179],[180],[181],[182],[183],[184],[185],[186],[187],[188],[189],[190],[191],[192],[193],[194],[195],[196],[197],[198],[199]],"strategy":0,"success_rate":[[100000,0],[100000,0],[100000,0],[100000,0],[99998,2],[99981,19],[99833,167],[98797,1203],[93990,6010],[80152,19848],[57629,42371],[38063,61937],[28117,71883],[25693,74307],[25215,74785],[25147,74853],[25042,74958],[24975,75025],[24836,75164],[24913,75087],[24955,75045]],"time_fin":"20240402_175112","time_start":"20240402_171003","z error rate average":[0.0,0.025016049843486397,0.050048649961864575,0.07500925009887666,0.09993965002010577,0.1249401000199467,0.1500421005727723,0.17498100039556622,0.20007449950493872,0.22487284880191089,0.2501199985009432,0.27481439880058167,0.30007384949207305,0.32519290021643044,0.3499615003943443,0.37508305003762243,0.40011519965291026,0.42500344965577125,0.45013384985923766,0.4751805493846536,0.4999759985807538]}