{"lattice_size":[10,10,10,10,10,10,10,10,10,10],"loss rate average":[0.0,0.050030799169689416,0.09995799937088043,0.1499217999570817,0.19980579984720798,0.24986279975786804,0.29973440059635786,0.3499718008644134,0.39984279998116196,0.44991279898509384,0.4998809994392097,0.5499056012006104,0.6000640034091472,0.6503270046296715,0.699984203619957,0.750121799736321,0.7998037956476212,0.8500031945425272,0.899901996024847],"multiplexing":4,"num_error_happens":0,"num_photons":50,"num_qubits":200,"prob_e_vec":[0.0,0.05000000074505806,0.10000000149011612,0.15000000596046448,0.20000000298023224,0.25,0.30000001192092896,0.3500000238418579,0.40000003576278687,0.4500000476837158,0.5000000596046448,0.5500000715255737,0.6000000834465027,0.6500000953674316,0.7000001072883606,0.7500001192092896,0.8000001311302185,0.8500001430511475,0.9000001549720764],"qubit list for each photon":[[182,1,2,3],[186,5,6,7],[190,9,10,11],[194,13,14,15],[198,17,18,19],[0,39,20,21],[4,23,24,25],[8,27,28,29],[12,31,32,33],[16,35,36,37],[22,41,42,43],[26,45,46,47],[30,49,50,51],[34,53,54,55],[38,57,58,59],[40,79,60,61],[44,63,64,65],[48,67,68,69],[52,71,72,73],[56,75,76,77],[62,81,82,83],[66,85,86,87],[70,89,90,91],[74,93,94,95],[78,97,98,99],[80,119,100,101],[84,103,104,105],[88,107,108,109],[92,111,112,113],[96,115,116,117],[102,121,122,123],[106,125,126,127],[110,129,130,131],[114,133,134,135],[118,137,138,139],[120,159,140,141],[124,143,144,145],[128,147,148,149],[132,151,152,153],[136,155,156,157],[142,161,162,163],[146,165,166,167],[150,169,170,171],[154,173,174,175],[158,177,178,179],[160,199,180,181],[164,183,184,185],[168,187,188,189],[172,191,192,193],[176,195,196,197]],"strategy":8,"success_rate":[[100000,0],[100000,0],[99978,22],[99675,325],[98352,1648],[94628,5372],[86596,13404],[74299,25701],[60061,39939],[46288,53712],[36664,63336],[30208,69792],[26914,73086],[25559,74441],[24986,75014],[24969,75031],[25124,74876],[24731,75269],[24927,75073]],"time_fin":"20240402_143551","time_start":"20240402_133231","z error rate average":[0.0,0.025011149880653248,0.04998374997216277,0.07494015003124252,0.09988365007163957,0.12488690016630105,0.1498935002305545,0.17501935004878788,0.19990844956818968,0.22502069907061756,0.24987709887109696,0.274977299060896,0.29998609945602717,0.3252525999312103,0.3500151000864804,0.37501419994473456,0.40000614983171223,0.42494614972308276,0.44995444971591236]}