{"lattice_size":[10,10,10,10,10,10,10,10,10,10],"loss rate average":[0.0,0.049744599250555036,0.09919379950734787,0.14904909994150511,0.1987995996923279,0.24856079940322787,0.2982621999304369,0.3481314504544437,0.39795950045242906,0.4475098004479706,0.4977437512385845,0.5477065522173047,0.5972070518946647,0.6469274500957132,0.6965776979544759,0.7460659968084097,0.796222946818471,0.8461000482141972,0.8955402502018214,0.9451543029266596,0.9950000047683716],"multiplexing":4,"num_error_happens":0,"num_photons":50,"num_qubits":200,"prob_e_vec":[0.0,0.05000000074505806,0.10000000149011612,0.15000000596046448,0.20000000298023224,0.25,0.30000001192092896,0.3500000238418579,0.40000003576278687,0.4500000476837158,0.5000000596046448,0.5500000715255737,0.6000000834465027,0.6500000953674316,0.7000001072883606,0.7500001192092896,0.8000001311302185,0.8500001430511475,0.9000001549720764,0.9500001668930054,1.0000001192092896],"qubit list for each photon":[[32,0,31,126],[181,89,70,131],[142,23,114,137],[97,177,186,24],[199,153,36,37],[168,66,14,188],[78,182,67,12],[167,55,57,134],[27,61,150,15],[60,160,85,163],[58,157,192,148],[136,50,174,79],[109,141,111,100],[80,162,1,172],[130,83,158,187],[149,140,59,63],[191,30,39,6],[117,151,53,25],[110,64,129,147],[122,195,93,41],[52,101,178,119],[161,194,7,33],[49,121,106,146],[108,120,193,197],[20,94,112,77],[29,95,104,56],[90,13,143,11],[48,179,42,22],[196,166,51,10],[116,21,43,189],[127,17,62,144],[132,164,76,165],[98,170,35,198],[8,107,5,118],[71,128,152,124],[169,38,87,156],[18,173,183,19],[154,44,72,74],[105,185,175,4],[81,69,133,139],[54,9,125,88],[135,180,46,155],[92,190,176,75],[96,47,138,115],[65,159,34,171],[184,40,86,113],[3,84,102,16],[123,73,103,28],[99,45,2,145],[91,82,26,26]],"strategy":2,"success_rate":[[100000,0],[100000,0],[100000,0],[99998,2],[99978,22],[99844,156],[98997,1003],[96083,3917],[88521,11479],[75667,24333],[58924,41076],[43338,56662],[32728,67272],[27411,72589],[25281,74719],[25012,74988],[24992,75008],[25164,74836],[25121,74879],[25210,74790],[25121,74879]],"threshold":3,"time_fin":"20240402_175132","time_start":"20240402_171011","z error rate average":[0.0,0.02484604987680912,0.04962734997014515,0.07453950003038161,0.09938605005562305,0.12431670016196557,0.14921470025267453,0.1739581000630185,0.19887299956735224,0.22379129911091178,0.24879649886906147,0.2737382490134984,0.2985835494809598,0.32353929994508623,0.34813535014405844,0.3731093500287831,0.3981004997906089,0.4230824997228384,0.44777434977561237,0.47284089931339024,0.49752504854500296]}